DESCRIÇÃO;COD;PN;FABRIC.;LOCAL;CADASTRO LOCAL;COD LOCAL;status:
FERR.DE REMOÇÃO DE FILTRO DE COMB.;030-204-00001;;;FERRAMENTARIA;Q1 AZUL MOTOR;Q1 ;
EXTRATOR DE PARAFUSO;030-205-00111;;;FERRAMENTARIA;ESTANTE 1;PRAT 4;
JOGO DE PUNÇAO E SACA PINOS 13 PEÇAS;030-205-00216;;;FERRAMENTARIA;ESTANTE 1;PRAT 4;
EXTRATOR DE JUNTA DE VEDAÇÃO DO ALTERNADOR;030-204-00002;;;FERRAMENTARIA;Q1 AZUL MOTOR;Q1 ;
WRENCH ;030-204-00003;;;FERRAMENTARIA;Q1 AZUL MOTOR;Q1 ;
WRENCH ;030-204-00004;;;FERRAMENTARIA;Q1 AZUL MOTOR;Q1 ;
;030-204-00005;;;FERRAMENTARIA;Q1 AZUL MOTOR;Q1 ;
WRENCH ;030-204-00006;;;FERRAMENTARIA;Q1 AZUL MOTOR;Q1 ;
;030-204-00008;;;FERRAMENTARIA;Q1 AZUL MOTOR;Q1 ;
;030-204-00009;;;FERRAMENTARIA;ESTANTE 6;PRAT 2;
;030-204-00010;;;FERRAMENTARIA;Q1 AZUL MOTOR;Q1 ;
TUBO GUIA BOROSCOPIO;030-204-00011;PWC34910-600;;FERRAMENTARIA;Q1 AZUL MOTOR;Q1 ;
TUBO GUIA BOROSCOPIO;030-204-00012;PWC34910-400;;FERRAMENTARIA;Q1 AZUL MOTOR;Q1 ;
TUBO GUIA BOROSCOPIO;030-204-00013;PWC34910-200;;FERRAMENTARIA;Q1 AZUL MOTOR;Q1 ;
;030-204-00014;;;FERRAMENTARIA;Q1 AZUL MOTOR;Q1 ;
;030-204-00015;;;FERRAMENTARIA;Q1 AZUL MOTOR;Q1 ;
;030-204-000166;;;FERRAMENTARIA;Q2 AZUL TREM DE POUSO;Q2;
;030-204-00016;N/C;;FERRAMENTARIA;ARMARIO 1;PRAT 5;
;030-204-00017;;;FERRAMENTARIA;Q1 AZUL MOTOR;Q1 ;
;030-204-00018;;;FERRAMENTARIA;Q2 AZUL TREM DE POUSO;Q2;
;030-204-00019;;;FERRAMENTARIA;Q2 AZUL TREM DE POUSO;Q2;
;030-204-00020;;;FERRAMENTARIA;Q2 AZUL TREM DE POUSO ;Q2;
;030-204-00021;;;FERRAMENTARIA;Q3 AZUL COMANDO GERAL;Q3;
;030-204-00022;;;FERRAMENTARIA;Q1 AZUL MOTOR;Q1 ;
;030-204-00023;;;FERRAMENTARIA;Q1 AZUL MOTOR;Q1 ;
;030-204-00024;;;FERRAMENTARIA;Q1 AZUL MOTOR;Q1 ;
;030-204-00025;;;FERRAMENTARIA;ESTANTE 2;PRAT 02;
;030-204-00026;;;FERRAMENTARIA;Q1 AZUL MOTOR;Q1 ;
;030-204-00027;;;FERRAMENTARIA;Q1 AZUL MOTOR;Q1 ;
;030-204-00028;;;FERRAMENTARIA;Q1 AZUL MOTOR;Q1 ;
;030-204-00029;;;FERRAMENTARIA;Q1 AZUL MOTOR;Q1 ;
;030-204-00030;;;FERRAMENTARIA;Q1 AZUL MOTOR;Q1 ;
;030-204-00031;;;FERRAMENTARIA;Q1 AZUL MOTOR;Q1 ;
;030-204-00032;;;FERRAMENTARIA;Q1 AZUL MOTOR;Q1 ;
;030-204-00033;;;FERRAMENTARIA;ARMARIO 1;PRAT 4;
;030-204-00034;;;FERRAMENTARIA;Q2 AZUL TREM DE POUSO;Q2;
;030-204-00035;;;FERRAMENTARIA;Q2 AZUL TREM DE POUSO;Q2;
;030-204-00036;;;FERRAMENTARIA;Q1 AZUL MOTOR ;Q1 ;
;030-204-00037;SOD1.3382;;FERRAMENTARIA;ESTANTE 1;PRAT 4;
;030-204-00038;;;FERRAMENTARIA;PRAT 1;ESTANTE 4;
;030-204-00039;;;FERRAMENTARIA;ESTANTE 1;PRAT 4;
;030-204-00040;;;FERRAMENTARIA;Q1 AZUL MOTOR ;Q1 ;
;030-204-00041;;;FERRAMENTARIA;Q1 AZUL MOTOR ;Q1 ;
;030-204-00042;;;FERRAMENTARIA;Q1 AZUL MOTOR ;Q1 ;
;030-204-00043;;;FERRAMENTARIA;Q1 AZUL MOTOR ;Q1 ;
;030-204-00044;;;FERRAMENTARIA;Q1 AZUL MOTOR;Q1 ;
;030-204-00045;;;FERRAMENTARIA;Q1 AZUL MOTOR;Q1 ;
;030-204-00046;;;FERRAMENTARIA;FORA DE USO;FORA DE USO;
PWC30046-54 - SACA RETENTOR PT6;030-204-00047;PWC30046-54;;FERRAMENTARIA;Q1 AZUL MOTOR;Q1 ;
;030-204-00049;;;FERRAMENTARIA;Q2 AZUL TREM DE POUSO;Q2;
;030-204-00050;;;FERRAMENTARIA;Q2 AZUL TREM DE POUSO;Q2;
;030-204-00051;;;FERRAMENTARIA;Q1 AZUL MOTOR;Q1 ;
;030-204-00052;;;FERRAMENTARIA;Q1 AZUL MOTOR;Q1 ;
;030-204-00053;;;FERRAMENTARIA;Q1 AZUL MOTOR;Q1 ;
;030-204-00054;;;FERRAMENTARIA;Q1 AZUL MOTOR;Q1 ;
;030-204-00055;;;FERRAMENTARIA;FORA DE USO;FORA DE USO;
;030-204-00056;;;FERRAMENTARIA;FORA DE USO;FORA DE USO;
;030-204-00057;;;FERRAMENTARIA;Q1 AZUL MOTOR;Q1 ;
;030-204-00058;;;FERRAMENTARIA;Q1 AZUL MOTOR;Q1 ;
;030-204-00059;;;FERRAMENTARIA;Q1 AZUL MOTOR;Q1 ;
;030-204-00060;;;FERRAMENTARIA;Q1 AZUL MOTOR;Q1 ;
;030-204-00060;N/C;;FERRAMENTARIA;Q1 AZUL MOTOR;Q1;
;030-204-00061;;;FERRAMENTARIA;Q1 AZUL MOTOR;Q1 ;
;030-204-00062;;;FERRAMENTARIA;ESTANTE 1;PRAT 3;
;030-204-00063;;;FERRAMENTARIA;ESTANTE 1;PRAT 3;
;030-204-00064;;;FERRAMENTARIA;ESTANTE 1;PRAT 3;
;030-204-00065;;;FERRAMENTARIA;ESTANTE 1;PRAT 3;
;030-204-00066;;;FERRAMENTARIA;Q1 AZUL MOTOR;Q1 ;
;030-204-00067;;;FERRAMENTARIA;Q4 PRETO;Q4;
;030-204-00068;;;FERRAMENTARIA;Q2 AZUL TREM DE POUSO;Q2;
;030-204-00069;;;FERRAMENTARIA;FORA DE USO;FORA DE USO;
;030-204-00070;;;FERRAMENTARIA;Q2 AZUL TREM DE POUSO;Q2;
;030-204-00071;;;FERRAMENTARIA;Q2 AZUL TREM DE POUSO;Q2;
;030-204-00072;;;FERRAMENTARIA;Q2 AZUL TREM DE POUSO;Q2;
;030-204-00073;;;FERRAMENTARIA;Q2 AZUL TREM DE POUSO;Q2;
;030-204-00074;;;FERRAMENTARIA;Q2 AZUL TREM DE POUSO;Q2;
;030-204-00075;;;FERRAMENTARIA;Q2 AZUL TREM DE POUSO;Q2;
;030-204-00076;;;FERRAMENTARIA;FORA DE USO;FORA DE USO;
;030-204-00077;;;FERRAMENTARIA;Q2 AZUL TREM DE POUSO;Q2;
;030-204-00078;;;FERRAMENTARIA;Q2 AZUL TREM DE POUSO;Q2;
;030-204-00079;;;FERRAMENTARIA;Q2 AZUL TREM DE POUSO;Q2;
;030-204-00080;;;FERRAMENTARIA;Q3 AZUL COMANDO GERAL;Q3;
;030-204-00081;;;FERRAMENTARIA;Q3 AZUL COMANDO GERAL;Q3;
;030-204-00082;;;FERRAMENTARIA;Q2 AZUL TREM DE POUSO;Q2;
TRAVA DE COMANDO;030-204-00083;;;FERRAMENTARIA;Q3 AZUL COMANDO GERAL;Q3;
TRAVA CABO DE COMANDO ;030-204-00085;;;FERRAMENTARIA;Q3 AZUL COMANDO GERAL;Q3;
CHAVE COMBINADA 2';030-204-001131;;;FERRAMENTARIA;Q3 AZUL COMANDO GERAL;Q3;
BUSHING;030-204-00086;;;FERRAMENTARIA;Q2 AZUL TREM DE POUSO;Q2;
FERRAMENTA FLAP;030-204-00087;;;FERRAMENTARIA;Q3 AZUL COMANDO GERAL;Q3;
CHAQVE ADAPTADA;030-204-00088;;;FERRAMENTARIA;Q3 AZUL COMANDO GERAL;Q3;
SUPORTE MOTOR AMARELO ;030-204-00089;;;FERRAMENTARIA;ESTANTE 2;PRAT 3;
FERRAMENTA DE SOLTAR RODA;030-204-00090;;;FERRAMENTARIA;Q2 AZUL TREM DE POUSO;Q2;
EXTENSÃO LONGA DE 3/8;030-204-00091;;;FERRAMENTARIA;Q4 PRETO;Q4;
CHAVE DZUS;030-204-00092;;;FERRAMENTARIA;Q3 AZUL COMANDO GERAL;Q3;
EXTENSÃO MÉDIA 1/2 EX: SOD.3407;030-204-00093;;;FERRAMENTARIA;Q3 AZUL COMANDO GERAL;Q3;
CABO DE FORÇA 1/2 EX: SOD.3410;030-204-00094;;;FERRAMENTARIA;Q4 PRETO;Q4;
EXTENSÃO LONGA DE 1/2;030-204-00095;;;FERRAMENTARIA;Q4 PRETO;Q4;
DIGITAL NOSE WHEEL STERING INTERFACE HERNESS MODEL 31A;030-204-00096;317006;;FERRAMENTARIA;ESTANTE 1;PRAT 2;
CLAMP-PCU LOCKING, SPOILER;030-204-00097;;;FERRAMENTARIA;ESTANTE 1;PRAT 2;
CHAVE DE PARAFUSO DE ASA 9/16'';030-204-00098;;;FERRAMENTARIA;Q3 AZUL COMANDO GERAL;Q3;
CHAVE DE PARAFUSO DE  ASA 5/8'';030-204-00099;;;FERRAMENTARIA;Q3 AZUL COMANDO GERAL;Q3;
CHAVE DE PARAFUSO DE ASA 9/16;030-204-00100;;;FERRAMENTARIA;Q3 AZUL COMANDO GERAL;Q3;
KIT LAVAGEM DO COMPRESSOR MOTOR  PT6 & PT6A ;030-204-001001;K-1152;;FERRAMENTARIA;ESTANTE 2;PRAT 5;
SACA PINO 3/16;030-204-001003;942902WF;;FERRAMENTARIA;ESTANTE 1;PRAT 4;
CABO DE RETENÇÃO ESCADA AIRSTAIR;030-204-001005;1159GSE50349-1;;FERRAMENTARIA;ESTANTE 2;PRAT 5;
SACA PINO ;030-204-001006;SOD1.3416;;FERRAMENTARIA;ESTANTE 1;PRAT 4;
CHAVE ESPECAL L;030-204-001007;110.6710.01.W26H;;FERRAMENTARIA;ESTANTE 1;PRAT 4;
ADAPTADOR ROSCA DUPLO;030-204-001008;SOD.3279;;FERRAMENTARIA;ESTANTE 1;PRAT 4;
BLOCO QUADRADO 1/2 X 4;030-204-001009;HSS M2;;FERRAMENTARIA;ESTANTE 1;PRAT 4;
CHAVE DE PARAFUSO DE ASA 3/4'' ;030-204-00101;;;FERRAMENTARIA;Q3 AZUL COMANDO GERAL;Q3;
GEAR STOP;030-204-001010;SMT-65;;FERRAMENTARIA;ESTANTE 1;PRAT 4;
RODA DUPLA MINI;030-204-001012;SOD1.3389;;FERRAMENTARIA;ESTANTE 1;PRAT 4;
CHAVE DE PARAFUSO DE ASA 7/8'' ;030-204-00102;;;FERRAMENTARIA;Q3 AZUL COMANDO GERAL;Q3;
CHAVE DE PARAFUSO DE ASA 3/4'' ;030-204-00103;;;FERRAMENTARIA;Q3 AZUL COMANDO GERAL;Q3;
CHAVE DE PARAFUSO DE ASA 3/4'' ;030-204-00104;;;FERRAMENTARIA;Q3 AZUL COMANDO GERAL;Q3;
CHAVE DE PARAFUSO DE ASA 3/4'' ;030-204-00105;;;FERRAMENTARIA;Q3 AZUL COMANDO GERAL;Q3;
CHAVE DE BOCA 1-1/2;030-204-00106;;;FERRAMENTARIA;Q4 PRETO;Q4;
CHAVE DE BOCA 32 MM;030-204-00107;;;FERRAMENTARIA;Q4 PRETO;Q4;
"CHAVE DE BOCA 1""3/8";030-204-00108;;;FERRAMENTARIA;Q4 PRETO;Q4;
FERRAMENTA DE BLOQUEIO VANEC/ 2 PEÇAS 1/2;030-204-00111;;;FERRAMENTARIA;Q3 AZUL COMANDO GERAL;Q3;
FERRAMENTA DE BLOQUEIO VANEC/ 2 PEÇAS 2/2;030-204-00112;;;FERRAMENTARIA;Q3 AZUL COMANDO GERAL;Q3;
CHAVE PARAFUSO DE ASA;030-204-00113;;;FERRAMENTARIA;Q3 AZUL COMANDO GERAL;Q3;
T-LIGHT COMPARATOR;030-204-00114;;;FERRAMENTARIA;Q3 AZUL COMANDO GERAL;Q3;
CHAVE SACA FILTRO COM CORREIA;030-204-00115;;;FERRAMENTARIA;Q3 AZUL COMANDO GERAL;Q3;
FUEL FLOW TEST SET;030-204-00116;12845-205-001;;FERRAMENTARIA;ESTANTE 3;PRAT 2;
"ADAPTADOR 1""";030-204-00117;;;FERRAMENTARIA;Q4 PRETO;Q4;
SACA POLIA;030-204-00118;;;FERRAMENTARIA;Q2 AZUL TREM DE POUSO;Q2;
EXTRATOR PINO CÔNICO GEARBOX;030-204-00119;;;FERRAMENTARIA;Q2 AZUL TREM DE POUSO;Q2;
REMOÇÃO/INSTALAÇÃO DO PARAFUSO DO TOOL WING;030-204-00120;;;FERRAMENTARIA;Q3 AZUL COMANDO GERAL;Q3;
CHAVE DE RODA GOLFSTREAM;030-204-001127;;;FERRAMENTARIA;ESTANTE 2;PRAT 3;
CHAVE PARA BANCADA HIDRAULICA 3EA;030-204-001128;;;FERRAMENTARIA;ESTANTE 2;PRAT 3;
CHAE PARAFUSO DE ASA;030-204-00121;;;FERRAMENTARIA;Q3 AZUL COMANDO GERAL;Q3;
CHAVE DE PARAFUSO DE ASA;030-204-00122;;;FERRAMENTARIA;Q3 AZUL COMANDO GERAL;Q3;
CHAVE DE ASA;030-204-00123;;;FERRAMENTARIA;Q3 AZUL COMANDO GERAL;Q3;
CHAE DE APOIO PARA ASA;030-204-00124;;;FERRAMENTARIA;Q3 AZUL COMANDO GERAL;Q3;
CHAVE DE ASA;030-204-00125;;;FERRAMENTARIA;Q3 AZUL COMANDO GERAL;Q3;
SOQUETE RODA DE TBM;030-204-00126;;;FERRAMENTARIA;Q2 AZUL TREM DE POUSO;Q2;
TALHADEIRA;030-204-00127;;;FERRAMENTARIA;Q3 AZUL COMANDO GERAL;Q3;
TALHADEIRA;030-204-00128;;;FERRAMENTARIA;Q3 AZUL COMANDO GERAL;Q3;
PINO DE CENTRO;030-204-00129;;;FERRAMENTARIA;Q3 AZUL COMANDO GERAL;Q3;
"ALICATE GRAMPO MULTI USO 4"" 1/4";030-204-00130;;;FERRAMENTARIA;Q3 AZUL COMANDO GERAL;Q3;
"ALICATE GRAMPO MULTI USO 3"" 2/4";030-204-00131;;;FERRAMENTARIA;Q3 AZUL COMANDO GERAL;Q3;
"ALICATE GRAMPO MULTI USO 3"" 3/4";030-204-00132;;;FERRAMENTARIA;Q3 AZUL COMANDO GERAL;Q3;
"ALICATE GRAMPO MULTI USO 4"" 4/4";030-204-00133;;;FERRAMENTARIA;Q3 AZUL COMANDO GERAL;Q3;
"ALARGADOR EXPANSIVO TIPO L COM GUIA 23X32"" - 25X32""";030-204-00134;;;FERRAMENTARIA;Q3 AZUL COMANDO GERAL;Q3;
"ALARGADOR EXPANSIVO TIPO L COM GUIA 24,0X27,5 MM 15/16-15/64""";030-204-00135;;;FERRAMENTARIA;Q3 AZUL COMANDO GERAL;Q3;
"ALARGADOR EXPANSIVO TIPO L COM GUIA 27,0-30,2MM 1""1/16-1""3/16";030-204-00136;;;FERRAMENTARIA;FORA DE USO;FORA DE USO;
"ALARGADOR EXPANSIVO TIPO L COM GUIA 19,8-21,6""";030-204-00137;;;FERRAMENTARIA;ESTANTE 1;PRAT 5;
ALARGADOR EXPANSIVO ;030-204-00138;;;FERRAMENTARIA;ESTANTE 1;PRAT 5;
"ALARGADOR EXPANSIVO 7/16"" - 13/32""";030-204-00139;;;FERRAMENTARIA;ESTANTE 1;PRAT 5;
ALARGADOR EXPANSIVO;030-204-00140;;;FERRAMENTARIA;ESTANTE 1;PRAT 5;
ALARGADOR EXPANSIVO;030-204-00141;;;FERRAMENTARIA;ESTANTE 1;PRAT 5;
ALARGADOR EXPANSIVO;030-204-00142;;;FERRAMENTARIA;FORA DE USO;FORA DE USO;
"ALARGADOR EXPANSIVO TIPO L COM GUIA 15,1X16.7MM 19/32-2""/32";030-204-00143;;;FERRAMENTARIA;ESTANTE 1;PRAT 5;
CHAVE COMB 3;030-204-00145;;;FERRAMENTARIA;Q4 PRETO;Q4;
CHAVE COMB 6;030-204-00146;;;FERRAMENTARIA;FORA DE USO;FORA DE USO;
CHAVE COMB 6;030-204-00147;;;FERRAMENTARIA;Q4 PRETO;Q4;
CHAVE COMB 12/13;030-204-00148;;;FERRAMENTARIA;Q4 PRETO;Q4;
CHAVE COMB 12/13;030-204-00149;;;FERRAMENTARIA;Q4 PRETO;Q4;
CHAVE COMB 3/4 POR 5/8;030-204-00150;;;FERRAMENTARIA;FORA DE USO;FORA DE USO;
CHAVE COMB 3/4 POR 5/8;030-204-00151;;;FERRAMENTARIA;Q4 PRETO;Q4;
CHAVE COMB 3/4 POR 13/16;030-204-00152;;;FERRAMENTARIA;Q4 PRETO;Q4;
CHAVE COMB 3/4  POR 5/8;030-204-00153;;;FERRAMENTARIA;Q4 PRETO;Q4;
CHAVE COMB 3/4  POR 7/8;030-204-00154;;;FERRAMENTARIA;Q4 PRETO;Q4;
CHAVE COMB 1/2 POR 9/16;030-204-00155;;;FERRAMENTARIA;Q4 PRETO;Q4;
CHAVE COMB 34 POR 7/8;030-204-00156;;;FERRAMENTARIA;Q4 PRETO;Q4;
CHAVE COMB 7/8 POR 15/16;030-204-00157;;;FERRAMENTARIA;Q4 PRETO;Q4;
CHAVE ESPECIAL;030-204-00158;;;FERRAMENTARIA;Q4 PRETO;Q4;
CHAVE COMB 1-1/4 POR 1-5/16;030-204-00159;;;FERRAMENTARIA;FORA DE USO;FORA DE USO;
CHAVE CORTADA 1-1/16;030-204-00160;;;FERRAMENTARIA;Q4 PRETO;Q4;
ALICATE DE PRESÃO 1-1/16;030-204-00161;;;FERRAMENTARIA;Q4 PRETO;Q4;
"ALICATE DE PRESSÃO 5""";030-204-00162;;;FERRAMENTARIA;FORA DE USO;FORA DE USO;
CHAVE INGLESA 300MM;030-204-00163;;;FERRAMENTARIA;Q4 PRETO;Q4;
CHAVE 1-1/4;030-204-00164;;;FERRAMENTARIA;Q4 PRETO;Q4;
CHAVE 1-1/8;030-204-00165;;;FERRAMENTARIA;Q4 PRETO;Q4;
CHAVE 1-1/16;030-204-00166;;;FERRAMENTARIA;Q4 PRETO;Q4;
CHAVE 1-1/16;030-204-00167;;;FERRAMENTARIA;Q4 PRETO;Q4;
CHAVE 1-1/16;030-204-00168;;;FERRAMENTARIA;Q4 PRETO;Q4;
CHAVE 1-1/16;030-204-00169;;;FERRAMENTARIA;Q4 PRETO;Q4;
CHAVE 1´´;030-204-00170;;;FERRAMENTARIA;Q4 PRETO;Q4;
CHAVE 1´´;030-204-00171;;;FERRAMENTARIA;Q4 PRETO;Q4;
CHAVE COMB 5/16;030-204-00172;;;FERRAMENTARIA;Q4 PRETO;Q4;
CHAVE COMB 15/16;030-204-00173;;;FERRAMENTARIA;Q4 PRETO;Q4;
CHAVE COMB 13/16;030-204-00174;;;FERRAMENTARIA;Q4 PRETO;Q4;
CHAVE COMB 3/4;030-204-00175;;;FERRAMENTARIA;Q4 PRETO;Q4;
CHAVE COMB 3/4;030-204-00176;;;FERRAMENTARIA;Q4 PRETO;Q4;
CHAVE COMB 5/8;030-204-00177;;;FERRAMENTARIA;Q4 PRETO;Q4;
CHAVE COMB 5/8;030-204-00178;;;FERRAMENTARIA;Q4 PRETO;Q4;
CHAVE COMB 5/8;030-204-00179;;;FERRAMENTARIA;Q4 PRETO;Q4;
CHAVE COMB 5/8;030-204-00180;;;FERRAMENTARIA;Q4 PRETO;Q4;
CHAVE COMB 5/8;030-204-00181;;;FERRAMENTARIA;Q4 PRETO;Q4;
CHAVE COMB 9/16;030-204-00182;;;FERRAMENTARIA;Q4 PRETO;Q4;
CHAVE COMB 9/16;030-204-00183;;;FERRAMENTARIA;Q4 PRETO;Q4;
CHAVE COMB 3/4 POR 25/32;030-204-00184;;;FERRAMENTARIA;Q4 PRETO;Q4;
CHAVE COMB 3/4;030-204-00185;;;FERRAMENTARIA;Q4 PRETO;Q4;
CHAVE COMB 19/16 POR 25/32;030-204-00186;;;FERRAMENTARIA;Q4 PRETO;Q4 ;
CHAVE COMB 23 POR 21;030-204-00187;;;FERRAMENTARIA;Q4 PRETO;Q4;
CHAVE COMB 7/8 POR 13/16;030-204-00188;;;FERRAMENTARIA;Q4 PRETO;Q4;
CHAVE COMB 1-15/16/28;030-204-00189;;;FERRAMENTARIA;Q4 PRETO;Q4;
CHAVE COMB 28 POR 25;030-204-00190;;;FERRAMENTARIA;Q4 PRETO;Q4;
"CHAVE COMB 1"" 1/8 POR 1""1/16";030-204-00191;;;FERRAMENTARIA;Q4 PRETO;Q4;
"CHAVE COMB 1"" POR 15/16";030-204-00192;;;FERRAMENTARIA;Q4 PRETO;Q4;
"CHAVE COMB 1"" POR 1""1/8";030-204-00193;;;FERRAMENTARIA;Q4 PRETO;Q4;
"CHAVE COMB 1"" 1/4";030-204-00194;;;FERRAMENTARIA;FORA DE USO;FORA DE USO;
ARCO DE SERRA ;030-204-00195;;;FERRAMENTARIA;Q5 PRETO;Q5;
SOQUETE 15/16;030-204-00196;;;FERRAMENTARIA;Q4 PRETO;Q4;
SOQUETE;030-204-00197;;;FERRAMENTARIA;FORA DE USO;FORA DE USO;
"SOQUETE 1""1/4";030-204-00198;;;FERRAMENTARIA;Q4 PRETO;Q4;
BRAÇO DE FORÇA 1/2 EX: SOD1.3412;030-204-00199;;;FERRAMENTARIA;Q4 PRETO;Q3;
SOQUETE 7/8;030-204-00200;;;FERRAMENTARIA;Q4 PRETO;Q4;
ADAPTADOR 1/4XSAIDA 3/8;030-204-001122;11913;;FERRAMENTARIA;Q4 PRETO;Q4;
SOQUETE 7/8;030-204-00201;;;FERRAMENTARIA;Q4 PRETO;Q4;
SOQUETE  13/16;030-204-00202;;;FERRAMENTARIA;Q4 PRETO;Q4;
SOQUETE  5/8;030-204-00203;;;FERRAMENTARIA;Q4 PRETO;Q4;
SOQUETE  5/8;030-204-00204;;;FERRAMENTARIA;Q4 PRETO;Q4;
SOQUETE 3/4;030-204-00205;;;FERRAMENTARIA;Q4 PRETO;Q4;
SOQUETE 3/4;030-204-00206;;;FERRAMENTARIA;Q4 PRETO;Q4;
SOQUETE 9/16;030-204-00207;;;FERRAMENTARIA;Q4 PRETO;Q4;
SOQUETE 9/16;030-204-00208;;;FERRAMENTARIA;Q4 PRETO;Q4;
SOQUETE 11/16;030-204-00209;;;FERRAMENTARIA;Q4 PRETO;Q4;
SOQUETE 11/16;030-204-00210;;;FERRAMENTARIA;Q4 PRETO;Q4;
SOQUETE 1/2;030-204-00211;;;FERRAMENTARIA;Q4 PRETO;Q4;
SOQUETE 1/2;030-204-00212;;;FERRAMENTARIA;Q4 PRETO;Q4;
SOQUETE 3/8;030-204-00213;;;FERRAMENTARIA;Q4 PRETO;Q4;
SOQUETE 7/16;030-204-00214;;;FERRAMENTARIA;Q4 PRETO;Q4;
SOQUETE 3/8;030-204-00215;;;FERRAMENTARIA;Q4 PRETO;Q4;
SOQUETE 7/16;030-204-00216;;;FERRAMENTARIA;Q4 PRETO;Q4;
SOQUETE 5/8;030-204-00217;;;FERRAMENTARIA;Q4 PRETO;Q4;
SOQUETE 5/8 10MM;030-204-00218;;;FERRAMENTARIA;Q4 PRETO;Q4;
SOQUETE 5/8;030-204-00219;;;FERRAMENTARIA;Q4 PRETO;Q4;
SOQUETE 3/4;030-204-00220;;;FERRAMENTARIA;Q4 PRETO;Q4;
SOQUETE 7/8;030-204-00221;;;FERRAMENTARIA;Q4 PRETO;Q4;
SOQUETE 9/16;030-204-00222;;;FERRAMENTARIA;Q4 PRETO;Q4;
SOQUETE 7/16;030-204-00223;;;FERRAMENTARIA;Q4 PRETO;Q4;
SOQUETE 4/2;030-204-00224;;;FERRAMENTARIA;Q4 PRETO;Q4;
SOQUETE 1/4 SEXTAVADO LONGO 8MM;030-204-00225;;;FERRAMENTARIA;Q4 PRETO;Q4;
SOQUETE 1/4 SEXTAVADO LONGO 12MM;030-204-00226;;;FERRAMENTARIA;Q4 PRETO;Q4;
SOQUETE 1/4 SEXTAVADO LONGO 11MM;030-204-00227;;;FERRAMENTARIA;Q4 PRETO;Q4;
SOQUETE 1/4 SEXTAVADO LONGO 12MM;030-204-00228;;;FERRAMENTARIA;Q4 PRETO;Q4;
SOQUETE ESTRIADO 13MM;030-204-00229;;;FERRAMENTARIA;Q4 PRETO;Q4;
SOQUETE ESTRIADO  14MM;030-204-00230;;;FERRAMENTARIA;Q4 PRETO;Q4;
"SOQUETE SEXTAVADO  2""1/8";030-204-00231;;;FERRAMENTARIA;Q4 PRETO;Q4;
"SOQUETE SEXTAVADO  2""1/4";030-204-00232;;;FERRAMENTARIA;Q4 PRETO;Q4;
"SOQUETE 1"" 2""1/4";030-204-00233;;;FERRAMENTARIA;Q4 PRETO;Q4;
"SOQUETE 1"" 2""1/8";030-204-00234;;;FERRAMENTARIA;Q4 PRETO;Q4;
"SOQUETE 2""";030-204-00235;;;FERRAMENTARIA;Q4 PRETO;Q4 PRETO;
SOQUETE 31/32;030-204-00236;;;FERRAMENTARIA;Q4 PRETO;Q4;
SOQUETE 7/8;030-204-00237;;;FERRAMENTARIA;Q4 PRETO;Q4;
SOQUETE 13/16;030-204-00238;;;FERRAMENTARIA;Q4 PRETO;Q4;
SOQUETE 9/16;030-204-00239;;;FERRAMENTARIA;Q4 PRETO;Q4;
SOQUETE 3/4;030-204-00240;;;FERRAMENTARIA;Q4 PRETO;Q4;
SOQUETE 9/16;030-204-00241;;;FERRAMENTARIA;Q4 PRETO;Q4;
SOQUETE 1/2;030-204-00242;;;FERRAMENTARIA;Q4 PRETO;Q4;
"SOQUETE 1""1/8";030-204-00243;;;FERRAMENTARIA;Q4 PRETO;Q4;
"SOQUETE 1""1/16";030-204-00244;;;FERRAMENTARIA;Q4 PRETO;Q4;
SOQUETE 31/32;030-204-00245;;;FERRAMENTARIA;Q4 PRETO;Q4;
SOQUETE 31/32;030-204-00246;;;FERRAMENTARIA;Q4 PRETO;Q4;
SOQUETE 31/36;030-204-00247;;;FERRAMENTARIA;Q4 PRETO;Q4;
SOQUETE 7/8;030-204-00248;;;FERRAMENTARIA;Q4 PRETO;Q4;
SOQUETE  D9 13/16;030-204-00249;;;FERRAMENTARIA;Q4 PRETO;Q4;
SOQUETE 13/16;030-204-00250;;;FERRAMENTARIA;Q4 PRETO;Q4;
SOQUETE 15/16;030-204-00251;;;FERRAMENTARIA;Q4 PRETO;Q4;
SOQUETE 15/16;030-204-00252;;;FERRAMENTARIA;Q4 PRETO;Q4;
SOQUETE 15/16;030-204-00253;;;FERRAMENTARIA;Q4 PRETO;Q4;
SOQUETE 3/8;030-204-00254;;;FERRAMENTARIA;Q4 PRETO;Q4;
SOQUETE 11/16;030-204-00255;;;FERRAMENTARIA;Q4 PRETO;Q4;
SOQUETE 7/16;030-204-00256;;;FERRAMENTARIA;Q4 PRETO;Q4;
SOQUETE 7/8;030-204-00257;;;FERRAMENTARIA;Q4 PRETO;Q4;
SOQUETE 13/16;030-204-00258;;;FERRAMENTARIA;Q4 PRETO;Q4;
SOQUETE 7/8;030-204-00259;;;FERRAMENTARIA;Q4 PRETO;Q4;
SOQUETE 13/16;030-204-00260;;;FERRAMENTARIA;Q4 PRETO;Q4;
SOQUETE 3/4;030-204-00261;;;FERRAMENTARIA;Q4 PRETO;Q4;
SOQUETE 13/16;030-204-00262;;;FERRAMENTARIA;Q4 PRETO;Q4;
SOQUETE 2;030-204-00263;;;FERRAMENTARIA;Q4 PRETO;Q4;
SOQUETE 3/4;030-204-00264;;;FERRAMENTARIA;Q4 PRETO;Q4;
SOQUETE 13/16;030-204-00265;;;FERRAMENTARIA;Q4 PRETO;Q4;
SOQUETE 1/2;030-204-00266;;;FERRAMENTARIA;Q4 PRETO;Q4;
SOQUETE 7/16;030-204-00267;;;FERRAMENTARIA;Q4 PRETO;Q4;
SOQUETE 19/32;030-204-00268;;;FERRAMENTARIA;Q4 PRETO;Q4;
SOQUETE 7/16;030-204-00269;;;FERRAMENTARIA;Q4 PRETO;Q4;
SOQUETE 9/16;030-204-00270;;;FERRAMENTARIA;Q4 PRETO;Q4;
SOQUETE 1/2;030-204-00271;;;FERRAMENTARIA;Q4 PRETO;Q4;
SOQUETE 13 MM;030-204-00272;;;FERRAMENTARIA;Q4 PRETO;Q4;
 SOQUETE 9/16;030-204-00273;;;FERRAMENTARIA;Q4 PRETO;Q4;
SOQUETE 5/8;030-204-00274;;;FERRAMENTARIA;Q4 PRETO;Q4;
SOQUETE 25/32;030-204-00275;;;FERRAMENTARIA;Q4 PRETO;Q4;
SOQUETE 11/16;030-204-00276;;;FERRAMENTARIA;Q4 PRETO;Q4;
SOQUETE 11/16;030-204-00277;;;FERRAMENTARIA;Q4 PRETO;Q4;
SOQUETE 5/8;030-204-00278;;;FERRAMENTARIA;Q4 PRETO;Q4;
SOQUETE 5/8;030-204-00279;;;FERRAMENTARIA;Q4 PRETO;Q4;
SOQUETE 25/32;030-204-00280;;;FERRAMENTARIA;Q4 PRETO;Q4;
SOQUETE 11/16;030-204-00281;;;FERRAMENTARIA;Q4 PRETO;Q4;
SOQUETE 1/2;030-204-00282;;;FERRAMENTARIA;Q4 PRETO;Q4;
SOQUETE 11/13;030-204-00283;;;FERRAMENTARIA;Q4 PRETO;Q4;
SOQUETE 3/4;030-204-00284;;;FERRAMENTARIA;Q4 PRETO;Q4;
SOQUETE 19/32;030-204-00285;;;FERRAMENTARIA;Q4 PRETO;Q4;
SOQUETE 11/16;030-204-00286;;;FERRAMENTARIA;Q4 PRETO;Q4;
SOQUETE 13/16;030-204-00287;;;FERRAMENTARIA;Q4 PRETO;Q4;
SOQUETE 3/4;030-204-00288;;;FERRAMENTARIA;Q4 PRETO;Q4;
SOQUETE 7/8;030-204-00289;;;FERRAMENTARIA;Q4 PRETO;Q4;
SOQUETE 13/16;030-204-00290;;;FERRAMENTARIA;Q4 PRETO;Q4;
SOQUETE 25/32;030-204-00291;;;FERRAMENTARIA;Q4 PRETO;Q4;
SOQUETE 19/32;030-204-00292;;;FERRAMENTARIA;Q4 PRETO;Q4;
SOQUETE 19/32;030-204-00293;;;FERRAMENTARIA;Q4 PRETO;Q4;
SOQUETE 1/2;030-204-00294;;;FERRAMENTARIA;Q4 PRETO;Q4;
SOQUETE 11/16;030-204-00295;;;FERRAMENTARIA;Q4 PRETO;Q4;
SOQUETE 5/8;030-204-00296;;;FERRAMENTARIA;Q4 PRETO;Q4;
SOQUETE 19/32;030-204-00297;;;FERRAMENTARIA;Q4 PRETO;Q4;
SOQUETE 7/16;030-204-00298;;;FERRAMENTARIA;Q4 PRETO;Q4;
SOQUETE 9/16;030-204-00299;;;FERRAMENTARIA;FORA DE USO;FORA DE USO;
SOQUETE 3/8;030-204-00300;;;FERRAMENTARIA;Q4 PRETO;Q4;
SOQUETE 1/2;030-204-00301;;;FERRAMENTARIA;Q4 PRETO;Q4;
SOQUETE 11MM;030-204-00302;;;FERRAMENTARIA;Q4 PRETO;Q4;
SOQUETE 9/16;030-204-00303;;;FERRAMENTARIA;Q4 PRETO;Q4;
SOQUETE 9/16;030-204-00304;;;FERRAMENTARIA;Q4 PRETO;Q4;
SOQUETE  13/32;030-204-00305;;;FERRAMENTARIA;Q4 PRETO;Q4;
SOQUETE 5/16;030-204-00306;;;FERRAMENTARIA;Q4 PRETO;Q4;
SOQUETE 5/16;030-204-00307;;;FERRAMENTARIA;Q4 PRETO;Q4;
SOQUETE 1/4;030-204-00308;;;FERRAMENTARIA;Q4 PRETO;Q4;
SOQUETE 7/16;030-204-00309;;;FERRAMENTARIA;Q4 PRETO;Q4;
SOQUETE 12MM;030-204-00310;;;FERRAMENTARIA;Q4 PRETO;Q4;
SOQUETE 9/16;030-204-00311;;;FERRAMENTARIA;Q4 PRETO;Q4;
SOQUETE 1/2;030-204-00312;;;FERRAMENTARIA;Q4 PRETO;Q4;
SOQUETE 19/32;030-204-00313;;;FERRAMENTARIA;Q4 PRETO;Q4;
SOQUETE 3/8;030-204-00314;;;FERRAMENTARIA;Q4 PRETO;Q4;
SOQUETE 3/8;030-204-00315;;;FERRAMENTARIA;Q4 PRETO;Q4;
SOQUETE 3/8;030-204-00316;;;FERRAMENTARIA;Q4 PRETO;Q4;
SOQUETE 19/32;030-204-00317;;;FERRAMENTARIA;FORA DE USO;FORA DE USO;
SOQUETE 7/16;030-204-00318;;;FERRAMENTARIA;Q4 PRETO;Q4;
SOQUETE 5/8;030-204-00319;;;FERRAMENTARIA;Q4 PRETO;Q4;
SOQUETE 1/2;030-204-00320;;;FERRAMENTARIA;Q4 PRETO;Q4;
SOQUETE 11MM;030-204-00321;;;FERRAMENTARIA;Q4 PRETO;Q4;
SOQUETE 1/2;030-204-00322;;;FERRAMENTARIA;Q4 PRETO;Q4;
SOQUETE 7/6;030-204-00323;;;FERRAMENTARIA;Q4 PRETO;Q4;
SOQUETE 1/2;030-204-00324;;;FERRAMENTARIA;Q4 PRETO;Q4;
SOQUETE 11;030-204-00325;;;FERRAMENTARIA;Q4 PRETO;Q4;
SOQUETE 523;030-204-00326;;;FERRAMENTARIA;Q4 PRETO;Q4;
MARTELO;030-204-00327;;;FERRAMENTARIA;Q4 PRETO;Q4;
CHAVE DE FENDA;030-204-00328;;;FERRAMENTARIA;Q4 PRETO;Q4;
SOQUETE 13/16;030-204-00329;;;FERRAMENTARIA;Q4 PRETO;Q4;
SOQUETE 13/16;030-204-00330;;;FERRAMENTARIA;Q4 PRETO;Q4;
ADAPTADOR 1/2;030-204-00331;;;FERRAMENTARIA;Q4 PRETO;Q4;
SOQUETE 5/16;030-204-00332;;;FERRAMENTARIA;Q4 PRETO;Q4;
SOQUETE 9/16;030-204-00333;;;FERRAMENTARIA;Q4 PRETO;Q4;
SOQUETE 3/8;030-204-00334;;;FERRAMENTARIA;Q4 PRETO;Q4;
BREAKOUT BOX;030-204-00335;;;FERRAMENTARIA;ESTANTE 5;PRAT 1;
SOQUETE 3/8;030-204-00336;;;FERRAMENTARIA;Q4 PRETO;Q4;
SOQUETE 1/4;030-204-00337;;;FERRAMENTARIA;Q4 PRETO;Q4;
CONJUNTO DE TESTE DE CAIXA DE AVISO DE STALL GRD E STALL WARN CALIB TEST;030-204-00338;;;FERRAMENTARIA;ESTANTE 5;PRAT 2;
REVERSO TEST BOX;030-204-00339;2024981-1;;FERRAMENTARIA;ESTANTE 5;PRAT SUPERIOR;
CABLAGEM NOTEBOOK MORE;030-204-00340;M85049/52-1;;FERRAMENTARIA;ESTANTE 4;PRAT 2;
Y2K TEST;030-204-00342;TS1100D;;FERRAMENTARIA;ESTANTE 4;PRAT 3;
KIT DE CARGA DA COBERTURA REVERSO TEST BOX;030-204-00343;;;FERRAMENTARIA;ESTANTE 5;PRAT 1;
MALETA NOTEBOOK KIT MORE;030-204-00344;;;FERRAMENTARIA;ESTANTE 5;PRAT 1;
BOROSCOPIO;030-204-00345;;;FERRAMENTARIA;ESTANTE 2;PRAT 5;
MALETA KIT MORE;030-204-00346;;;FERRAMENTARIA;ESTANTE 5;PRAT 3;
SISTEMA DE MANUTENÇÃO DO COMPUTADOR;030-204-00347;930-600066-000;;FERRAMENTARIA;ESTANTE 4;PRAT 2;
DOWNLOAD - KIT ECTM LJ 45 AILERON;030-204-00349;12245-060-001;;FERRAMENTARIA;ESTANTE 4;PRAT 1;
DOWNLOAD - KIT ECTM LJ 45;030-204-00350;;;FERRAMENTARIA;ESTANTE 5;PRAT 3;
MALETA DRIMEL;030-204-00351;;;FERRAMENTARIA;ESTANTE 1;PRAT 5;
NOTEBOOK LEARJET 45;030-204-00352;;;FERRAMENTARIA;ESTANTE 2;PRAT 5;
ADAPTADOR DE CABO;030-204-00353;;;FERRAMENTARIA;ESTANTE 4;PRAT 1;
CAIXA DE TESTE DE INTERRUPTORES SQUAT MODELO 45;030-204-00354;ECTM1/2;;FERRAMENTARIA;ESTANTE 4;PRAT 3;
KIT DE MANUTENÇÃO/REPARO PARA AERONAVES CESSNA CITATION;030-204-00355;114-506;;FERRAMENTARIA;ESTANTE 4;PRAT 1;
CONJUNTO DE TESTE DE INTERRUPÇÃO DO SISTEMA NWS;030-204-00356;1284-0029-00;;FERRAMENTARIA;ESTANTE 4;PRAT 1;
KIT NOSE WHEEL STERING;030-204-00357;1284-208-001;;FERRAMENTARIA;ESTANTE 4;SUPERIOR;
KIT SHROUD CHARGING;030-204-00358;B4C/M128;;FERRAMENTARIA;ESTANTE 5;PRAT 2;
INSPECTION CHECK OF AILERON;030-204-00359;CCSC3250-01;;FERRAMENTARIA;ESTANTE 4;PRAT 3;
TEST ADAPTER BOX;030-204-00360;G600-320015-1;;FERRAMENTARIA;ESTANTE 4;PRAT 5;
ADAPTER CABLE SERVICE AMORTECEDOR;030-204-00361;G601-280020-1;;FERRAMENTARIA;ESTANTE 4;PRAT 5;
CHECK ALERO E RUDER;030-204-00362;277020-1;;FERRAMENTARIA;ESTANTE 4;PRAT 6;
TESTE DE SPOILER;030-204-00363;12860-921-001;;FERRAMENTARIA;ESTANTE 4;PRAT 6;
CAIXA DE TESTE RODAS;030-204-00364;12845-263-001;;FERRAMENTARIA;ESTANTE 3;PRAT 1;
BALANCE FIXTURE ALLERON, RUDDER;030-204-00365;12845-271-001;;FERRAMENTARIA;ESTANTE 3;PRAT 1;
ADAPTADOR DE CABO;030-204-00366;12845-267-005;;FERRAMENTARIA;ESTANTE 3;PRAT 1;
FIXADOR DE BALANÇA;030-204-00367;;;FERRAMENTARIA;ESTANTE 2;PRAT 5;
CONJUNTO DE TESTE DE FUGA DO SISTEMA DE CONTROLE DE FLAP;030-204-00368;NR24226;;FERRAMENTARIA;ESTANTE 3;PRAT 4;
FUEL FLOW CONV. TEST SET;030-204-00369;2671007-6;;FERRAMENTARIA;ESTANTE 4;PRAT 3;
CABLAGEM DO SERVO ATUADOR;030-204-00370;CCSC2750-01;;FERRAMENTARIA;ESTANTE 3;PRAT 3;
VERIFICADOR POTENCIA REVERSOR;030-204-00371;CCSC7830-04;;FERRAMENTARIA;ESTANTE 3;PRAT B;
DISPOSITIVO DE ALINHAMENTO DO DISCO ROTOR FREIO;030-204-00372;;;FERRAMENTARIA;ESTANTE 3;PRAT 2;
ADAPTER CABLE ;030-204-000651;101-00438;;FERRAMENTARIA;ESTANTE 4;PRAT 4;
ADAPTADOR ATUADOR;030-204-00373;3170015-1;;FERRAMENTARIA;ESTANTE 4;PRAT 4;
PINO TRAVAMENTO SOLO TREM DE POUSO;030-204-00374;14-6863-400;;FERRAMENTARIA;ESTANTE 3;PRAT 4;
BOROSCOPIO-USA;030-204-00345;TN 37043;;FERRAMENTARIA;ESTANTE 6;PRAT 3;
BLOCO DE IMPLANTAÇÃO DE BLOQUEIO DE REV. DE IMPULSOS;030-204-00376;;;FERRAMENTARIA;ESTANTE 3;PRAT 3;
THRUST REVERSER;030-204-00378;;;FERRAMENTARIA;ESTANTE 2;PRAT 5;
CONJUNTO DE TESTE DE FUGA DO SISTEMA DE PROTEÇÃO DE STOL;030-204-00379;2471001-1;;FERRAMENTARIA;ESTANTE 3;PRAT D;
PROXOMITY ADJUSTMENT;030-204-00377;14-6870-600;;FERRAMENTARIA;ESTANTE 3;PRAT 4;
ADAPTADOR DE CABLAGEM;030-204-00380;101-00471;;FERRAMENTARIA;ESTANTE 4;PRAT 4;
KIT DE CABOS ADAPTADORES;030-204-00381;CCSC2739-04;;FERRAMENTARIA;ESTANTE 3;PRAT 3;
PINO TRAVAMENTO SOLO TREM DE POUSO;030-204-00382;;;FERRAMENTARIA;ESTANTE 5;DESATIVADO;
PINO TRAVAMENTO SOLO TREM DE POUSO;030-204-00383;CCSC7830-5;;FERRAMENTARIA;ESTANTE 4;PRAT 1;
REVERSOR DE IMPULSOS;030-204-00384;14-6897-6040;;FERRAMENTARIA;ESTANTE 3;PRAT 4;
FERRAMENTA PITOT LOC;030-204-00385;14-6897-6000;;FERRAMENTARIA;ESTANTE 3;PRAT 4;
TESTADOR DE BICO INJETOR;030-204-00386;157836799-1;;FERRAMENTARIA;ESTANTE 3;PRAT 5;
ELEVADOR RIG FIXTUBE - LEARJET;030-204-00387;12845-209-001;;FERRAMENTARIA;ESTANTE 3;PRAT 5;
RIG ELEVATOR;030-204-00388;TN623626;;FERRAMENTARIA;ESTANTE 3;PRAT 6;
TEST ADAPTER BOX;030-204-00389;G600-320015-1;;FERRAMENTARIA;ESTANTE 3;PRAT 6;
FERRAMENTA DE BALANCEAMENTO DE PNEU DE NARIZ;030-204-00390;2471002-010;;FERRAMENTARIA;ESTANTE 3;PRAT SUPERIOR;
MHASTERCOOL 91580-B SINGLE STAGE CHARGING STATION;030-204-00391;;;FERRAMENTARIA;ESTANTE 3;PRAT SUPERIOR;
ASPIRADOR;030-204-00392;;;FERRAMENTARIA;FERRAMENTARIA;PISO ;
CAIXA DE DESLIGAMENTO DO SINCROFASADOR;030-204-00393;;;FERRAMENTARIA;FERRAMENTARIA;SOLO;
MAQUINA A/C AR CONDICIONADO;030-204-00394;;;FERRAMENTARIA;FERRAMENTARIA;SOLO;
BREAKOUT BOX;030-204-00396;SYNCHROPHASER;;FERRAMENTARIA;ESTANTE 3;PRAT 4;
SQUAT SWITCH SIMULATOR MLG LH;030-204-00397;;;FERRAMENTARIA;ESTANTE 1;PRAT 1;
SQUAT SWITCH SIMULATOR NOSE;030-204-00398;;;FERRAMENTARIA;ESTANTE 1;PRAT 1;
SQUAT SWITCH SIMULATOR MLG RH;030-204-00399;;;FERRAMENTARIA;ESTANTE 1;PRAT 1;
CABO DE FIAÇÃO;030-204-00400;;;FERRAMENTARIA;ESTANTE 1;PRAT 1;
TESTE DE MON DE SOBRETENSÃO;030-204-00401;;;FERRAMENTARIA;ESTANTE 1;PRAT 1;CAIXA VAZIA QUARENTENA
TEST SET HARNESS;030-204-00402;;;FERRAMENTARIA;ESTANTE 1;PRAT 2;
KIT VAZADOR (18PÇS);030-204-00403;;;FERRAMENTARIA;ARMARIO 2;PRAT 5;
CHAVE ADAPTADA 7/8 ;030-204-00404;;;FERRAMENTARIA;Q1 AZUL MOTOR;Q1;
KIT HSI;030-204-00405;;;FERRAMENTARIA;ESTANTE 1;PRAT 3;
TRAVA DE SUPERFICIE;030-204-00406;;;FERRAMENTARIA;ESTANTE 1;PRAT 3;
WING CABLE;030-204-00407;;;FERRAMENTARIA;ESTANTE 1;PRAT 2;
OVERVOLTAGE TEST;030-204-00408;;;FERRAMENTARIA;ESTANTE 1;PRAT 2;
SONDA DE TEMPERATURA;030-204-00409;;;FERRAMENTARIA;ESTANTE 1;PRAT 2;
TRAVA DE SUPERFICIE;030-204-00410;;;FERRAMENTARIA;ESTANTE 1;PRAT 3;
RIGGING PIN;030-204-00411;;;FERRAMENTARIA;ESTANTE 1;PRAT 2;
HASTE;030-204-00412;;;FERRAMENTARIA;ESTANTE 2;PRAT 5;
HOOK ASSY;030-204-00413;;;FERRAMENTARIA;ESTANTE 2;PRAT 5;
HOOK ASSY;030-204-00414;;;FERRAMENTARIA;ESTANTE 2;PRAT 5;
HOOK ASSY;030-204-00415;;;FERRAMENTARIA;ESTANTE 2;PRAT 5;
HOOK ASSY;030-204-00416;;;FERRAMENTARIA;ESTANTE 2;PRAT 5;
FERRAMENTA PARA CHECK PROB KING AIR;030-204-001121;;;FERRAMENTARIA;ESTANTE 2;PRAT 5;
FERRAMENTA PARA CHECK PROB KING AIR;030-204-001122;;;FERRAMENTARIA;ESTANTE 2;PRAT 5;
HOOK ASSY;030-204-00417;;;FERRAMENTARIA;ESTANTE 2;PRAT 5;
HOOK ASSY;030-204-00418;;;FERRAMENTARIA;ESTANTE 2;PRAT 5;
HOOK ASSY;030-204-00419;;;FERRAMENTARIA;ESTANTE 2;PRAT 5;
HOOK ASSY;030-204-00420;;;FERRAMENTARIA;ESTANTE 2;PRAT 5;
HOOK ASSY;030-204-00421;;;FERRAMENTARIA;ESTANTE 2;PRAT 5;
CHAVE ADAPTADA ;030-204-00422;;;FERRAMENTARIA;Q3 AZUL COMANDO GERAL;Q3;
CHAVE ADAPTADA ;030-204-00423;;;FERRAMENTARIA;Q3 AZUL COMANDO GERAL;Q3;
EXTRATATOR;030-204-00424;;;FERRAMENTARIA;ESTANTE 2;PRAT 3;
P-KIT INSPECTION PRISM KIT;030-204-00425;;;FERRAMENTARIA;ESTANTE 2;PRAT 2;
PUXADOR / ELEVADOR;030-204-00426;;;FERRAMENTARIA;Q5 PRETO;Q5;
TRAVA AMARELA;030-204-00427;;;FERRAMENTARIA;ESTANTE 2;PRAT 2;
CASTANHA DE MACACO LEARJET;030-204-00428;;;FERRAMENTARIA;ESTANTE 2;PRAT 3;
SPACER;030-204-00429;;;FERRAMENTARIA;ESTANTE 2;PRAT 2;
SPACER;030-204-00430;;;FERRAMENTARIA;ESTANTE 2;PRAT 2;
SPACER;030-204-00431;;;FERRAMENTARIA;ESTANTE 2;PRAT 2;
SPACER;030-204-00432;;;FERRAMENTARIA;ESTANTE 2;PRAT 2;
SUPORTE DE MACACO 2/6;030-204-00433;;;FERRAMENTARIA;ESTANTE 2;PRAT 4;
SUPORTE DE MACACO 3/6;030-204-00434;;;FERRAMENTARIA;ESTANTE 2;PRAT 4;
RETIFICA PNEUMATICA HSI;030-204-00435;;;FERRAMENTARIA;ESTANTE 2;PRAT 2;
SUPORTE DE MACACO 5/6;030-204-00436;;;FERRAMENTARIA;ESTANTE 2;PRAT 4;
CASTANHA;030-204-00437;;;FERRAMENTARIA;ESTANTE 2;PRAT 4;
CASTANHA ;030-204-00438;;;FERRAMENTARIA;ESTANTE 2;PRAT 4;
CASTANHA ;030-204-00439;;;FERRAMENTARIA;ESTANTE 2;PRAT 4;
CASTANHA ;030-204-00440;;;FERRAMENTARIA;ESTANTE 2;PRAT 4;
CASTANHA ;030-204-00441;;;FERRAMENTARIA;ESTANTE 2;PRAT 4;
CASTANHA ;030-204-00442;;;FERRAMENTARIA;ESTANTE 2;PRAT 4;
CASTANHA;030-204-00443;;;FERRAMENTARIA;ESTANTE 2;PRAT 4;
CASTANHA ;030-204-00444;;;FERRAMENTARIA;ESTANTE 2;PRAT 4;
CASTANHA ;030-204-00445;;;FERRAMENTARIA;ESTANTE 2;PRAT 4;
CASTANHA;030-204-00446;;;FERRAMENTARIA;ESTANTE 2;PRAT 4;
CASTANHA ;030-204-00447;;;FERRAMENTARIA;ESTANTE 2;PRAT 4;
CASTANHA ;030-204-00448;;;FERRAMENTARIA;ESTANTE 2;PRAT 4;
CASTANHA CITATION;030-204-00449;;;FERRAMENTARIA;ESTANTE 2;PRAT 4;
CASTANHA DOURADA;030-204-00450;;;FERRAMENTARIA;FORA DE USO;FORA DE USO;
MARTELETE PNEUMATICO;030-204-00451;;;FERRAMENTARIA;Q5 PRETO;Q5;
FERR PRATA 1/2;030-204-00452;;;FERRAMENTARIA;ESTANTE 2;PRAT 4;
FERR DOURADA 2/2;030-204-00453;;;FERRAMENTARIA;ESTANTE 2;PRAT 4;
SUPORTE MACACO;030-204-00454;;;FERRAMENTARIA;ESTANTE 2;PRAT 4;
FERR PRETA 1/2;030-204-00455;;;FERRAMENTARIA;ESTANTE 2;PRAT 4;
FERR PRETA 2/2;030-204-00456;;;FERRAMENTARIA;ESTANTE 2;PRAT 4;
ALICATE DE CORTA REBITE;030-204-00457;;;FERRAMENTARIA;Q5 PRETO;Q5;
CRECO;030-204-00458;;;FERRAMENTARIA;ESTANTE 1;PRAT 4;
FURADEIRA;030-204-00459;;;FERRAMENTARIA;CARRINHO CHAPEADOR;BASE SOD;
MARTELETE PNEUMATICO;030-204-00460;;;FERRAMENTARIA;CARRINHO CHAPEADOR;BASE SOD;
RETIFICA PNEUMATICA;030-204-00461;;;EMANUEL;CARRINHO CHAPEADOR;BASE SOD;
FURADEIRA;030-204-00462;;;EMANUEL;CARRINHO CHAPEADOR;BASE SOD;
FURADEIRA;030-204-00463;;;EMANUEL;CARRINHO CHAPEADOR;BASE SOD;
ALICATE REBITADOR;030-204-00464;;;EMANUEL;CARRINHO CHAPEADOR;BASE SOD;
PISTOLA APLICADORA;030-204-00465;;;EMANUEL;CARRINHO CHAPEADOR;BASE SOD;
ALICATE DE CORTE CHAPA;030-204-00466;;;EMANUEL;CARRINHO CHAPEADOR;BASE SOD;
SERRA COPO;030-204-00467;;;EMANUEL;ESTANTE 1;PRAT 5;
FURADEIRA;030-204-00468;;;EMANUEL;CARRINHO CHAPEADOR;BASE SOD;
REBITADEIRA COMUM;030-204-00469;;;FERRAMENTARIA;ESTANTE 1;PRAT 5;
MARTELETE PNEUMATICO;030-204-00470;;;EMANUEL;CARRINHO CHAPEADOR;BASE SOD;
SOPRADOR TERMICO ;030-204-00471;;;FERRAMENTARIA;ARMARIO 2;PRAT 5;
ALICATE DE GLECO ;030-204-00472;;;EMANUEL;CARRINHO CHAPEADOR;BASE SOD;
CORTADOR DE REBITE ;030-204-00473;;;FERRAMENTARIA;CARRINHO CHAPEADOR;BASE SOD;
CLECOS AJUSTAVEIS  (38EA);030-204-00474;;;EMANUEL;CARRINHO CHAPEADOR;BASE SOD;
CLECOS PROFUNDIDADE (10EA);030-204-00475;;;EMANUEL;CARRINHO CHAPEADOR;BASE SOD;
CLECOS JACARE (10EA);030-204-00476;;;EMANUEL;CARRINHO CHAPEADOR;BASE SOD;
ESCAREADORES AJUSTAVEIS;030-204-00477;;;EMANUEL;CARRINHO CHAPEADOR;BASE SOD;
GLIFON;030-204-00478;;;EMANUEL;BASE CGH;CHG;
REBITADEIRA COMUM;030-204-00479;;;EMANUEL;CARRINHO;BASE SOD;
CASTANHA;030-204-00479;;;FERRAMENTARIA;ESTANTE 2;PRAT 4;
LIMA AZUL;030-204-00480;;;FABRICIO CGH;FORA DE USO;FORA DE USO;
ALICATE DE CORTA CHAPA;030-204-00481;;;CHAPEADOR MANU;CARRINHO;BASE SOD;
CAIXA SERRA COPO (12ea copos);030-204-00482;;;FERRAMENTARIA;CARRINHO;BASE SOD;
ALICATE DE CHAPEARIA PRETO;030-204-00483;;;CHAPEADOR MANU;CARRINHO;BASE SOD;
DIMPLE ;030-204-00484;;;CHAPEADOR MANU;CARRINHO;BASE SOD;
FERRAMENTA DE RIVET;030-204-00485;;;CHAPEADOR MANU;CARRINHO;BASE SOD;
SOQUET PRATA TBM  2EA;030-204-00486;;;FERRAMENTARIA;ESTANTE 1;PRAT 4;
CHAVE PRETA ESPECIAL GRANDE;030-204-00487;;;CHAPEADOR MANU;Q2 AZUL TREM DE POUSO;Q2;
CHAVE PRETA ESPECIAL PEQUENA;030-204-00488;;;FERRAMENTARIA ;Q2 AZUL TREM DE POUSO;Q2;
CAIXA DE BROCA VERMELHA;030-204-00489;;;FERRAMENTARIA;ESTANTE 1;PRAT 4;
CHAVE COMBINADA 30MM;030-204-00490;;;FERRAMENTARIA ;Q4 PRETO;Q4;
KIT FLANGEADORA;030-204-00491;;;FERRAMENTARIA;ESTANTE 3;PRAT 5;
CHAVE ADAPTADA 3/8;030-204-00492;;;FERRAMENTARIA;Q2 AZUL TREM DE POUSO;Q2;
CHAVE DOURADA ;030-204-00493;;;FERRAMENTARIA;Q2 AZUL TREM DE POUSO;Q2;
TONE GENERATOR TEST SET;030-204-00494;;;FERRAMENTARIA;ESTANTE 1;PRAT 2;
CABOS DE LIGAÇÃO;030-204-00495;;;FERRAMENTARIA;ESTANTE 1;PRAT 2;
CONECTOR PARA BANCADA HIDRULICA LEARJET GRANDE ;030-204-00496;;;FERRAMENTARIA;Q2 AZUL TREM DE POUSO;Q2;
CONECTOR PARA BANCADA HIDRULICA LEARJET PEQUENO;030-204-00497;;;FERRAMENTARIA;Q2 AZUL TREM DE POUSO;Q2;
KIT DE LUBRIFICAÇÃO;030-204-00498;;;FERRAMENTARIA;ARMARIO 2;PRAT 4;
KIT MARTELINHO;030-204-00499;;;FERRAMENTARIA;ESTANTE 1;PRAT 2;
REMOVAL TOLL NUT MLG;030-204-00500;;;FERRAMENTARIA;Q2 AZUL TREM DE POUSO;Q2;
CHAVE PWC34295;030-204-00501;;;FERRAMENTARIA;Q2 AZUL TREM DE POUSO;Q2;
ALICATE DE ANEL VERMELHO;030-204-00502;;;FERRAMENTARIA;Q4 PRETO;Q4;
ALICATE DE ANEL RETO VERDE PEQ. ABRINDO;030-204-00503;;;FERRAMENTARIA;Q4 PRETO;Q4;
ALICATE DE ANEL CURVO FECHANDO PEQ.;030-204-00504;;;FERRAMENTARIA;Q4 PRETO;Q4;
ALICATE DE ANEL CURVO ABRINDO PEQ.;030-204-00505;;;FERRAMENTARIA;Q4 PRETO;Q4;
ALICATE DE ANEL RETO ABRINDO GRAND.;030-204-00506;;;FERRAMENTARIA;Q4 PRETO;Q4;
ALICATE ANEL RETO FECHANDO GRANDE  ;030-204-00507;;;FERRAMENTARIA;Q4 PRETO;Q4;
"ALICATE ANEL CURVO ABRINDO FECHANDO GRANDE 9""";030-204-00508;;;FERRAMENTARIA;Q4 PRETO;Q4;
ALICATE ANEL CURVO ABRINDO GRANDE;030-204-00509;;;FERRAMENTARIA;Q4 PRETO;Q4;
KIT MAINTENANCE;030-204-00510;;;FERRAMENTARIA;ESTANTE 1;PRAT 4;
HHASTE;030-204-00511;;;FERRAMENTARIA;ESTANTE 1;PRAT 3;
KIT DIGITAL TIRE GAUGE;030-204-00512;;;FERRAMENTARIA;ESTANTE 01;PRAT 3;
HASTE;030-204-00513;;;FERRAMENTARIA;ESTANTE 4;PRAT 2;
HASTE;030-204-00514;;;FERRAMENTARIA;ESTANTE 01;PRAT 3;
MAQUINA LIMPEZA;030-204-00515;;;FERRAMENTARIA;ESTANTE 2;PRAT 2;
SUPORTE DA MANICA DOURADO;030-204-00516;;;FERRAMENTARIA;ESTANTE 1;PRAT 3;
SUPORTE DA MANICA DOURADO PEQ ;030-204-00517;;;FERRAMENTARIA;ESTANTE 1;PRAT 3;
SUPORTE DA MANICA DOURADO PEQ;030-204-00518;;;FERRAMENTARIA;ESTANTE 1;PRAT 3;
SUPORTE DE MANICA DOURADO PEQ;030-204-00519;;;FERRAMENTARIA;ESTANTE 1;PRAT 3;
SUPORTE DE MANICA PRATA GRANDE ;030-204-00520;;;FERRAMENTARIA;ESTANTE 1;PRAT 3;
SUPORTE DE MANICA PRATA GRANDE ;030-204-00521;;;FERRAMENTARIA;ESTANTE 01;PRAT 3;
SUPORTE DE MANICA PRATA GRANDE ;030-204-00522;;;FERRAMENTARIA;ESTANTE 01;PRAT 3;
SUPORTE DE MANICA PRATA GRANDE ;030-204-00523;;;FERRAMENTARIA;ESTANTE 1;PRAT 3;
SUPORTE DE MANICA PRATA;030-204-00524;;;FERRAMENTARIA;ESTANTE 1;PRAT 3;
SUPORTE DE MANICA PRATA;030-204-00525;;;FERRAMENTARIA;ESTANTE 1;PRAT 3;
SUPORTE DE MANICA PRATA;030-204-00526;;;FERRAMENTARIA;ESTANTE 1;PRAT 3;
SUPORTE DE MANICA PRATA;030-204-00527;;;FERRAMENTARIA;ESTANTE 1;PRAT 3;
MANICA PRATA ;030-204-00528;;;FERRAMENTARIA;ESTANTE 2;PRAT 3;
EXTRATATOR;030-204-00529;;;FERRAMENTARIA;ESTANTE 1;PRAT 2;
CHAVE 1/2;030-204-00530;;;FERRAMENTARIA;Q4 PRETO;Q4;
FERRAMENTA SUPORTE PRATA TBM GRANDE ;030-204-00531;;;FERRAMENTARIA;ESTANTE 2;PRAT 1;
FERRAMENTA SUPORTE PRATA TBM ;030-204-00532;;;FERRAMENTARIA;ESTANTE 01 E 02;SUPERIOR;
FERRAMENTA AMARELA TBM;030-204-00533;;;FERRAMENTARIA;ESTANTE 01 ;SUPERIOR;
SPENCIAL TOOL;030-204-00534;;;FERRAMENTARIA;ESTANTE 01 E 02;SUPERIOR;
SPENCIAL TOOL;030-204-00535;;;FERRAMENTARIA;ESTANTE 01 E 02;SUPERIOR;
CASTANHA CITATION;030-204-00536;;;FERRAMENTARIA;ESTANTE 2;PRAT 4;
CASTANHA CITATION;030-204-00537;;;FERRAMENTARIA;ESTANTE 2;PRAT 4;
CASTANHA CITATION;030-204-00538;;;FERRAMENTARIA;ESTANTE 4;PRAT 3;
SERRA TICO TICO ;030-204-00539;;;FERRAMENTARIA;ARMARIO 2;PRAT 5;
ALICATE DE HSI;030-204-00541;;;FERRAMENTARIA;Q4 PRETO;Q4;
CHAVE PRETA 76700;030-204-00542;;;FERRAMENTARIA;Q3 AZUL COMANDO GERAL;Q3;
SUPORTE DE FERRO;030-204-00543;;;FERRAMENTARIA;ESTANTE 1;SUPERIOR;
SUPORTE DE FERRO;030-204-00544;;;FERRAMENTARIA;ESTANTE 1;SUPERIOR;
SUPORTE DE FERRO;030-204-00545;;;FERRAMENTARIA;ARMARIO 1;SUPERIOR;
SUPORTE DE FERRO;030-204-00546;;;FERRAMENTARIA;ARMARIO 1;SUPERIOR;
PENDENTE LUMINARIA;030-204-00547;;;FERRAMENTARIA;ESTANTE 01;PRAT 2;
CX. DE TESTE DE BICO;030-204-00548;;;FERRAMENTARIA;ARMARIO 1;PRAT 2;
PAQUIMETRO DIGITAL GRANDE;030-204-00549;;;FERRAMENTARIA;ARMARIO 1;PRAT 1;
CHAVE PRATA TBM COM ADAPTAÇÃO 1/4;030-204-00550;;;FERRAMENTARIA;Q3 AZUL COMANDO GERAL;Q3;
KIT PINCEL DE DETALHAMENTO;030-204-00551;;;FERRAMENTARIA;ARMARIO 2;PRAT 2;
VASADOR;030-204-00552;;;FERRAMENTARIA;ESTANTE 2;PRAT 3;
CHAVE DE BOCA 7/8;030-204-005533;;;FERRAMENTARIA ;Q2 AZUL TREM DE POUSO;Q 2;
MANIVELA PARA SOQUETE;030-204-00554;;;FERRAMENTARIA ;Q4 PRETO;Q4;
CHAVE ESPECIAL ADAPTADA;030-204-00555;;;;ESTANTE 1;PRAT 4;
CHAVE ESPECIAL 3/8;030-204-00556;GTMD12;;;ESTANTE 1;PRAT 4;
CHAVE ESPECIAL 3 DENTE FINA;030-204-00557;;;;ESTANTE 1;PRAT 4;
FERRAMENTA DE SUPERFÍCIE;030-204-00559;;;;ESTANTE 2;PRAT 3;
SUPORTE DE MACACO;030-204-00560;;;;ESTANTE 1;PRAT 3;
RODA;030-204-00560;;;;ESTANTE 1;PRAT 3;
CHAVE ESPECIAL 4 DENTES;030-204-00561;N/C;;FERRAMENTARIA;Q4 PRETO ;Q4;
FERRAMENTA ESPECIAL;030-204-00563;;;;Q1 AZUL MOTOR;Q1;
CHAVE ESPECIAL;030-204-00565;7670020203041;;;ESTANTE 1;PRAT 4;
FERRAMENTA PARA HÉLICE;030-204-00567;;;;ESTANTE 1;PRAT 3;
TRAVA DE COMANDO;030-204-00570;;;;ESTANTE 1;PRAT 3;
CONEXÃO ROSCAVEL ENG-MANGUEIRA;030-204-00571;;;;ESTANTE 1;PRAT 4;
ADAPTADOR ROSCADO;030-204-00572;5881-6;;;Q2 AZUL TREM DE POUSO;Q2;
LIMA PEQUENA;030-204-00573;;;;ESTANTE 2;PRAT 2;
LIMA PEQUENA;030-204-00574;;;;ESTANTE 2;PRAT 2;
LIMA PEQUENA;030-204-00575;;;FERRAMENTARIA;ESTANTE 2;PRAT 2;
LIMA PEQUENA;030-204-00576;;;FERRAMENTARIA;ESTANTE 2;PRAT 2;
LIMA PEQUENA;030-204-00577;;;FERRAMENTARIA;ESTANTE 2;PRAT 2;
LIMA PEQUENA;030-204-00578;;;FERRAMENTARIA;ESTANTE 2;PRAT 2;
CHAVE ESPECIAL 7/8;030-204-00579;;;FERRAMENTARIA;Q3 AZUL COMANDO GERAL;Q3;
CHAVE ADAPTADA  5/8 PARA HELICE;030-204-00580;;;FERRAMENTARIA;Q1 AZUL MOTOR;Q1;
CHAVE ADAPTADA 5/8 PARA HELICE;030-204-00581;;;FERRAMENTARIA;Q1 AZUL MOTOR;Q1;
MARCADOR;030-204-00582;;;FERRAMENTARIA;ESTANTE 1;PRAT 4;
MARCADOR;030-204-00583;;;FERRAMENTARIA;ESTANTE 1;PRAT 4;
ADAPTER PERFORMANCE COVER TOOL PW500;030-204-00584;;;FERRAMENTARIA;Q2 AZUL TREM DE POUSO;Q 2;
"CHAVE PARA PARAFUSO DE ASA 15/16""";030-204-00587;;;FERRAMENTARIA;Q3 AZUL COMANDO GERAL;Q3;
"CHAVE PARA PARAFUSO DE ASA 15/16""";030-204-00588;;;FERRAMENTARIA;Q3 AZUL COMANDO GERAL;Q3;
CHAVE EXTRATOR ;030-204-00589;;;FERRAMENTARIA;Q3 AZUL COMANDO GERAL;Q3;
CHAVE ESPECIAL;030-204-00591;N/C;;FERRAMENTARIA;ESTANTE 1;PRAT 4;
CHAVE PIAO;030-204-00592;N/A;;;ESTANTE 1;PRAT 4;
SUPORTE BOROSCOPIO;030-204-00593;;;;ESTANTE 2;PRAT 3;
SACA FILTRO DE OLÉO PT6;030-204-00594;;;FERRAMENTARIA;Q1 AZUL MOTOR;Q1;
SACA FILTRO PT6;030-204-00595;;;FERRAMENTARIA;Q1 AZUL MOTOR;Q1;
VIRA MACHO;030-204-00596;;;FERRAMENTARIA;Q2 AZUL COMANDO GERAL;Q2;
INCLINOMETRO DIGITAL;030-204-00597;;;FERRAMENTARIA;ARMARIO 1;PRAT 2;
PARAFUSADEIRA AMARELA DEWALT N°1;030-204-00598;;;FERRAMENTARIA;ARMARIO 2;PRAT 3;
PARAFUSADEIRA AMARELA DEWALT N°2;030-204-00599;;;FERRAMENTARIA;ARMARIO 2;PRAT 3;
PARAFUSADEIRA AMARELA DEWALT N°3;030-204-001019;;;FERRAMENTARIA;ARMARIO 2;PRAT 3;
PARAFUSADEIRA AMARELA DEWALT N°4;030-204-00600;;;FERRAMENTARIA;ARMARIO 2;PRAT 3;
CAIXA DE BICO N°1;030-204-00601;;;FERRAMENTARIA;ARMARIO 2;PRAT 2;
CAIXA DE BICO N°2;030-204-00602;;;FERRAMENTARIA;ARMARIO 2;PRAT 2;
CAIXA DE BICO N°3;030-204-00603;;;FERRAMENTARIA;ARMARIO 2;PRAT 2;
CAIXA DE BICO N°4;030-204-00604;;;FERRAMENTARIA;ARMARIO 2;PRAT 2;
CAIXA DE BICO N°5;030-204-00605;;;FERRAMENTARIA;ARMARIO 2;PRAT 2;
CAIXA DE BICO N°6;030-204-00606;;;FERRAMENTARIA;ARMARIO 2;PRAT 2;
CAIXA DE BICO N°7;030-204-00607;;;FERRAMENTARIA;ARMARIO 2;PRAT 2;
CAIXA DE BICO N°8;030-204-00608;7808H;;FERRAMENTARIA;ESTANTE 01;PRAT 4;
PULLER DOURADO (CGH3.1517);030-204-00609;;;FERRAMENTARIA;Q1 AZUL MOTOR;Q1 ;
SACA DISCO HSI PWC30403;030-204-00610;;;FERRAMENTARIA;Q1 AZUL MOTOR;Q1;
FERRAMENTA PNEUMATICA;030-204-00611;;;FERRAMENTARIA;Q5 PRETO;Q5;
PISTOLA DE SELANTE ;030-204-00612;;;FERRAMENTARIA;Q5 PRETO;Q5;
PARAFUSADORA PNEUMATICA;030-204-00613;;;FERRAMENTARIA;ESTANTE 1;PRAT 4;
ALICATE UNIVERSAL;030-204-00614;;;FERRAMENTARIA;Q4 PRETO;Q4;
FERRAMENTA ESPECIAL 5/8 - 16MM;030-204-00615;;;FERRAMENTARIA;Q2 AZUL TREM DE POUSO;Q2;
FERRAMENTA ESPECIAL 7/16 - 11MM;030-204-00616;;;FERRAMENTARIA;Q2 AZUL TREM DE POUSO;Q2;
COSSINETE 30X11;030-204-00617;N/C;;;Q3 AZUL COMANDO GERAL;Q 3;
FERRAMENTA ESPECIAL 1/2 - 13MM;030-204-00618;;;FERRAMENTARIA;Q2 AZUL TREM DE POUSO;Q2;
V STEEL 3EA;030-204-006199;N/C;;;Q2 AZUL TREM DE POUSO;Q2;
FERRAMENTA P/ HELICE;030-204-00626;;;FERRAMENTARIA;ESTANTE 1;PRAT 3;
FERRAMENTA P/ HELICE;030-204-00627;;;FERRAMENTARIA;ESTANTE 1;PRAT 3;
CHAVE ESPECIAL;030-204-00630;T-0053;;FERRAMENTARIA;ESTANTE 1;PRAT 4;
CHAVE ESPECIAL MEIA LUA SUPORTE;030-204-00631;N/C;;FERRAMENTARIA;ESTANTE 1;PRAT 4;
FERRAMENTA P/ HELICE;030-204-00632;;;FERRAMENTARIA;ESTANTE 1;PRAT 3;
MINI CHAVE BOCA ESPECIAL;030-204-00633;4A.512;;FERRAMENTARIA;ESTANTE 1;PRAT 4;
BLOCO;030-204-00634;N/C;;FERRAMENTARIA;ESTANTE 1;PRAT 4;
CHAVE ESPECIAL;030-204-00635;110.6000.02W26H;;FERRAMENTARIA;ESTANTE 1;PRAT 4;
BARRA DE FERRO;030-204-00642;;;FERRAMENTARIA;;;
BARRA DE FERRO;030-204-00643;;;;ESTANTE 1;PRAT 4;
MANIVELA PARA SOQUETE;030-204-00644;;;FERRAMENTARIA;Q4 PRETO;Q4;
BARRA DE FERRO;030-204-00645;;;FERRAMENTARIA;;;
FURADEIRA VERMELHA;030-204-00646;;;FERRAMENTARIA;ARMARIO 2;PRAT 3;
GALIFON;030-204-00647;;;FERRAMENTARIA;;;
SOPRADOR TÉRMICO ;030-204-00650;;;FERRAMENTARIA;ARMARIO 2;PRAT 3;
ADAPTADOR DE CABO;030-204-00651;;;FERRAMENTARIA;ESTANTE 4;PRAT 04;
BULK HEAD CABLE;030-204-00652;BHC034;;FERRAMENTARIA;ESTANTE 4;PRAT 04;
MARTELETE PNEUMÁTICO;030-204-00653;;;FERRAMENTARIA;ESTANTE 1;PRAT 4;
SUPORTE DE HÉLICE;030-204-00654;;;FERRAMENTARIA;ESTANTE 2;PRAT 03;
MATRIZ DE REBITAÇÃO;030-204-00655;;;FERRAMENTARIA;ESTANTE 2;PRAT 03;
INCLINÔMETRO;030-204-00656;;;FERRAMENTARIA;ESTANTE 2;PRAT 02;
SUPORTE DE HÉLICE;030-204-00657;;;FERRAMENTARIA;ESTANTE 1;PRAT 1;
CASTANHA;030-204-00658;;;FERRAMENTARIA;ESTANTE 2;PRAT 4;
CASTANHA;030-204-00659;;;FERRAMENTARIA;ESTANTE 2;PRAT 4;
SUPORTE DE MACACO 5/6;030-204-00660;;;FERRAMENTARIA;ESTANTE 2;PRAT 4;
FERRAMENTA DE SUPERFÍCIE;030-204-00661;;;FERRAMENTARIA;ESTANTE 1;PRAT 3;
BOLACHA ESCAPAMENTO (KIT) 7 EA;030-204-00662;;;FERRAMENTARIA;ESTANTE 2;PRAT 02;
KIT CLECO;030-204-00663;;;FERRAMENTARIA;ESTANTE 01;PRAT 4;
PINO PC-12;030-204-00664;;;FERRAMENTARIA;ESTANTE 2;PRAT 03;
ALLEN 9/16 REMOVAL/INSTAL WING´S BOLTS;030-204-00665;;;FERRAMENTARIA;Q3 AZUL COMANDO GERAL;Q3;
SACA FILTRO PT6;030-204-00666;;;FERRAMENTARIA;Q1 AZUL MOTOR;Q1;
CASTANHA;030-204-00688;;;;ESTANTE 2;PRAT 4;
CASTANHA;030-204-00691;;;;ESTANTE 2;PRAT 4;
FLAP RIG TOOL;030-204-00700;6280001-44;;;Q1 AZUL MOTOR;Q1;
FLAP RIG TOOL;030-204-00701;6280001-46;;;Q1 AZUL MOTOR;Q1;
CHAVE ADAPTADA BOCA;030-204-00702;N/C;;FERRAMENTARIA;ESTANTE 1;PRAT 4;
CHAVE ESPECIAL DENTADA ;030-204-00703;110.6000.01.W26H;;FERRAMENTARIA;ESTANTE 1;PRAT 4;
ADAPTADOR DE NARIZ MITIS.;030-204-00704;016A-99050;;;ESTANTE 1;PRAT 4;
FERRAMENTA P/ HELICE;030-204-00705;;;FERRAMENTARIA;ESTANTE 1;PRAT 3;
FERRAMENTA P/ HELICE;030-204-00706;;;FERRAMENTARIA;ESTANTE 1;PRAT 3;
FERRAMENTA P/ HELICE;030-204-00708;;;FERRAMENTARIA;ESTANTE 1;PRAT 3;
TRAVA ;030-204-00709;;;;ESTANTE 2;PRAT 5;
REGULADOR DE OXIGENIO;030-204-00712;;;FERRAMENTARIA;ESTANTE 1;PRAT 3;
EXTRATOR PARAFUSO;030-204-00713;;;;ESTANTE 1 ;PRAT 4;
FERRO SOLDA ;030-204-00714;SC60;;;ARMARIO 2 ;PRAT 3;
ETM KEY READER;030-204-00715;953200;;FERRAMENTARIA;ARMARIO 2 ;PRAT 2;
MALETA LEARJET;030-204-00716;6645000002;;;ESTANTE 5 ;PRAT 2;
BEACON TESTER;030-204-00721;BT 100A;;;ESTANTE 6;PRAT 2;
SOQUETE ESPECIL 12 DENTES;030-204-00723;12445-024-001;;;Q1 AZUL MOTOR;Q1;
REBITADEIRA MANUAL;030-204-00724;RA450;;;Q5 PRETO ;Q5;
GARRA ;030-204-00725;0214;;;Q5 PRETO;Q5;
SUPORTE MACACO;030-204-00737;;;;ESTANTE 2;PRAT 4;
SUPORTE MACACO;030-204-00738;;;;ESTANTE 2;PRAT 4;
PLUMO;030-204-00739;;;FERRAMENTARIA;ARMARIO 2 ;PRAT 2;
PINO;030-204-00740;N385;;;ESTANTE 1 ;PRAT 3;
REBITADEIRA MANUAL;030-204-00741;;;;Q4 PRETO;Q4;
PINO;030-204-00742;N385;;;ESTANTE 1 ;PRAT 3;
CHUVEIRINHO;030-204-00743;K-3706;;FERRAMENTARIA;ARMARIO 1;PRAT 3;
VALVULA CORE;030-204-00744;GA143C;;;ARMARIO 1;PRAT 3;
FONTE CHAVEADA COMEIA;030-204-001124;FC48020AB;;FERRAMENTARIA;ARMARIO 1;PRAT 3;
PITOT LEARJET 45;030-204-00747;PSS72698-3-4H;;;ESTANTE 6;PRAT 2;
BICO ABASTECIMENTO OXIGENIO;030-204-00746;02C11T22;;;ARMARIO 1;PRAT 5;
CASTANHA;030-204-00750;;;;ESTANTE 2;PRAT 4;
ACESSORIOS MICRO RETIFICA ;030-204-00752;ARV181;;;ESTANTE 1 ;PRAT 4;
ACESSORIOS MICRO RETIFICA ;030-204-00753;ARV181;;;ESTANTE 1 ;PRAT 4;
CHAVE COMBINADA 24EA;030-204-00755;49827;;;ESTANTE 6;PRAT 2;
LIMA VONDER;030-204-00762;;;;ESTANTE 1;PRAT 5;
CALIBRADOR TELESCOPIO;030-204-00766;;;;ARMARIO 1;PRAT 2;
VIDRO LAPDAÇÃO;030-204-00767;;;;ARMARIO 2 ;PRAT 3;
MACHADO SOLDA ;030-204-00780;AX250;;;ARMARIO 2 ;PRAT 3;
CHAVE ESPECIAL;030-204-00787;N/C;;FERRAMENTARIA;Q1 AZUL MOTOR;Q1;
HASTE RELO.COMPARADOR;030-204-00790;;;;ESTANTE 2;PRAT 2;
LIMA CHATA;030-204-00792;;;;ESTANTE 1;PRAT 5;
LIMA;030-204-00793;;;;ESTANTE 1;PRAT 5;
LIMA K/F;030-204-00794;;;;ESTANTE 1;PRAT 5;
LIMA;030-204-00795;;;;ESTANTE 1;PRAT 5;
ESPATULA 4 EA VONDER;030-204-00811;;;;ESTANTE 1;PRAT 5;
KIT PÉ DE GALO 9EA;030-204-00819;;;;ESTANTE 1 ;PRAT 4;
TRAVA;030-204-00856;;;;ESTANTE 2;PRAT 5;
TRAVA;030-204-00857;;;;ESTANTE 2;PRAT 5;
PEDRA KIT BLEEND COMPRESSOR;030-204-00858;N/C;;;ESTANTE 2;PRAT 5;
ADAP-3/8;030-204-00860;N/C;;FERRAMENTARIA;Q4 PRETO;Q4;
PLACA;030-204-00870;N/C;;;Q2 AZUL TREM DE POUSO;Q2;
TRAVA COMANDO;030-204-00871;;;;ESTANTE 2;PRAT 4;
BICO ABASTECIMENTO;030-204-00873;;;;ARMARIO 1;PRAT 5;
INSTALL THIS;030-204-00874;2471005-24;;;Q2 AZUL TREM DE POUSO;Q2;
KIT ALLEN CRAFSTMAN 4EA;030-204-00875;N/C;;;ESTANTE 2;PRAT 5;
CAIXAS DE ESTAMPO;030-204-00968;;;FERRAMENTARIA;;;
LIXADEIRA ;030-204-01598;LFS1752;;;Q5 PRETO;Q5;
CANETA ELETRICA;030-204-395;;;FERRAMENTARIA;Q3 AZUL COMANDO GERA  ;Q3;
TENSIÔMETRO;030-205-00001;;;FERRAMENTARIA;ARMARIO 1;PRAT 1;
PAQUÍMETRO ;030-205-00002;;;FERRAMENTARIA;ARMARIO 1;NÃO ENCONTRADO;
ANALOG FORCE GAUGE (DINAMÔMETRO);030-205-00003;;;FERRAMENTARIA;ARMARIO 1;PRAT 1;
TERMÔMETRO;030-205-00004;;;FERRAMENTARIA;CARRINHO;BASE SOD;
TENSÍOMETRO DE CABO;030-205-00005;;;FERRAMENTARIA;ESTANTE 5;PRAT 3;
TENSIOMETRO MEIA LUA;030-205-00005;;;FERRAMENTARIA;ARMARIO 1;PRAT 1;
DINAMÔMETRO CROWN;030-205-00006;;;FERRAMENTARIA;ARMARIO 1;PRAT 1;
TORQUIMETRO (40 A 200);030-205-00007;;;FERRAMENTARIA;ARMARIO 1;PRAT 2;
MANÔMETRO 4000 PSI;030-205-00008;;;FERRAMENTARIA;ARMARIO 1;PRAT 1;
TORQUIMETRO DE ESTALO 0 A 50;030-205-00009;;;FERRAMENTARIA;CARRINHO CHAPEADOR;BASE SOD;
TORQUÍMETRO (10 - 75 LB-FT);030-205-00010;;;FERRAMENTARIA;ARMARIO 1;PRAT 2;
KIT TESTE TANQUE KING;030-204-000100;;;;ESTANTE 1;PRAT 1;
TORQUÍMETRO DE ESTALO COM CATRACA 1/2 (500 - 2500 lbf.in);030-205-00011;;;FERRAMENTARIA;ARMARIO 1;PRAT 2;
TORQUÍMETRO (200 - 1000);030-205-00012;;;FERRAMENTARIA;Q2 AZUL TREM DE POUSO;Q2;
TORQUÍMETRO DE ESTALO COM CATRACA 1/4 (40-200 lbf.in);030-205-00013;;;FERRAMENTARIA;ARMARIO 1;PRAT 2;
MANÔMETRO ANALOGICO DE 0-200 PSI;030-205-00014;;;FERRAMENTARIA;ARMARIO 1;PRAT 4;
MANÔMETRO;030-205-00015;;;FERRAMENTARIA;ARMARIO 1;PRAT 3;
MANÔMETRO ANALÓGICO;030-205-00016;;;FERRAMENTARIA;ARMARIO 1;PRAT 3;
PITOT ESTATIC TEST SET;030-205-00017;;;FERRAMENTARIA;ESTANTE 5;PRAT SUPERIOR;
VIBREX 2000;030-205-00018;;;FERRAMENTARIA;ESTANTE 5;PRAT 2;
AIR DATA TEST;030-205-00019;;;FERRAMENTARIA;ARMARIO 1;CAUTELADO;
MANOMETRO ANALOGICO 0-2000 PSI;030-205-00020;;;FERRAMENTARIA;ARMARIO 1;PRAT 3;
MANOMETRO ANALOGICO 0-4000 PSI;030-205-00021;;;FERRAMENTARIA;ARMARIO 1;PRAT 3;
MANOMETRO ANALOGICO 0-4000 PSI;030-205-00022;;;FERRAMENTARIA;ARMARIO 1;PRAT 3;
MANOMETRO ANALOGICO 0-2000 PSI;030-205-00023;;;FERRAMENTARIA;ARMARIO 1;QUARENTENA;
MANOMETRO ANALOGICO 0-2000 PSI;030-205-00025;;;FERRAMENTARIA;ARMARIO 1;PRAT 3;
MANOMETRO ANALOGICO 0-4000 PSI;030-205-00026;;;FERRAMENTARIA;ARMARIO 1;PRAT 3;
MANOMETRO ANALOGICO 0-4000 PSI;030-205-00027;;;FERRAMENTARIA;ARMARIO 1;PRAT 3;
MANÔMETRO NITROGÊNIO (315 KGF/CM²);030-205-00028;;;FERRAMENTARIA;ARMARIO 1;PRAT 3;
MANÔMETRO ANALÓGICO 4970 PSI;030-205-00029;;;FERRAMENTARIA;ARMARIO 1;NÃO ENCONTRADO;
MANÔMETRO ANALÓGICO;030-205-00030;;;FERRAMENTARIA;ARMARIO 1;PRAT 3;
MANÔMETRO ANALÓGICO 4480 PSI;030-205-00031;;;FERRAMENTARIA;ARMARIO 1;PRAT 3;
MANÔMETRO ANALÓGICO 0-4500 PSI;030-205-00032;;;FERRAMENTARIA;ARMARIO 1;NÃO ENCONTRADO;
MANÔMETRO ANALÓGICO 0-2900 PSI;030-205-00033;;;FERRAMENTARIA;ARMARIO 1;PRAT 3;
MANÔMETRO 2900 PSI;030-205-00034;;;FERRAMENTARIA;ARMARIO 1;PRAT 2;
MANÔMETRO 500 PSI;030-205-00035;;;FERRAMENTARIA;ARMARIO 1;PRAT 3;
MANÔMETRO 350 PSI;030-205-00036;;;FERRAMENTARIA;ARMARIO 1;PRAT 3;
MEGÔMETRO;030-205-00037;;;FERRAMENTARIA;ARMARIO 1;PRAT  1;
MULTIMETRO PRETO;030-205-00038;;;FERRAMENTARIA;ARMARIO 1;PRAT  1;
MANÔMETRO;030-205-00039;;;FERRAMENTARIA;ARMARIO 1;PRAT  2;
DIGITAL FORCE GAUGE;030-205-00042;;;FERRAMENTARIA;ARMARIO 1;PRAT 1;
BALANÇA DIGITAL;030-205-00043;;;FERRAMENTARIA;ARMARIO 1;PRAT 1;
MANÔMETRO 150 PSI;030-205-00045;;;FERRAMENTARIA;ARMARIO 1;PRAT 4;
MANÔMETRO 150 PSI;030-205-00046;;;FERRAMENTARIA;ARMARIO 1;PRAT 4;
MANÔMETRO;030-205-00047;;;FERRAMENTARIA;ARMARIO 1;PRAT 2;
MANÔMETRO 300 PSI;030-205-00048;;;FERRAMENTARIA;ARMARIO 1;PRAT 2;
BALANÇA DIGITAL;030-205-00049;;;FERRAMENTARIA;FORA DE USO;NÃO ENCONTRADO;
PAQUIMETRO DIGITAL PEQUENO;030-205-00050;;;FERRAMENTARIA;ARMARIO 1;PRAT 1;
PAQUIMETRO DIGITAL ;030-205-00051;;;FERRAMENTARIA;ARMARIO 1;PRAT 1;
MANÔMTERO;030-205-00052;;;FERRAMENTARIA;ARMARIO 1;PRAT 2;
MANÔMETRO 4480 PSI;030-205-00053;;;FERRAMENTARIA;ARMARIO 1;NÃO ENCONTRADO;
MANÔMETRO 3000 PSI;030-205-00054;;;FERRAMENTARIA;ARMARIO 1;PRAT 2;
MANÔMETRO 600 PSI;030-205-00055;;;FERRAMENTARIA;ARMARIO 1;NÃO ENCONTRADO;
CALIBRE DE FOLGA CRAFTMAN;030-205-001030;;STANLEY;FERRAMENTARIA;ARMARIO 1;PRAT 2;
CALIBRE DE FOLGA CRAFTMAN;030-205-00057;;GENERAL;FERRAMENTARIA;ARMARIO 1;PRAT 2;
LAMINA DE FOLGA  REDONDO;030-205-00058;;;FERRAMENTARIA;ARMARIO 1;PRAT 2;
CALIBRE DE FOLGA CRAFTMAN;030-205-00059;;;FERRAMENTARIA;ARMARIO 1;PRAT 1;
MANOVACUÔMETRO 30 BAR;030-205-00060;;;FERRAMENTARIA;ARMARIO 1;PRAT 4;
MANÔMETRO 3000 PSI;030-205-00062;;;FERRAMENTARIA;ARMARIO 1;PRAT 3;
BARFIELD;030-205-00063;101-00930;;FERRAMENTARIA;ARMARIO 1;PRAT05;
MANÔMETRO;030-205-00064;;;FERRAMENTARIA;ARMARIO 1;PRAT 3;
MANÔMETRO;030-205-00065;;;FERRAMENTARIA;ARMARIO 1;PRAT 3;
VERTICAL SPEED INDICATOR ;030-205-00066;;;HANGAR;CHÃO;CABINE PRESSURI.;
MANÔMETRO;030-205-00067;;;FERRAMENTARIA;FORA DE USO;NÃO ENCONTRADO;
MANÔMETRO;030-205-00068;;;FERRAMENTARIA;ARMARIO 1;PRAT 2 ;
MANÔMETRO;030-205-00069;;;FERRAMENTARIA;ARMARIO 1;PRAT 2 ;
MANÔMETRO;030-205-00070;;;FERRAMENTARIA;ARMARIO 1;PRAT 2 ;
MANÔMETRO;030-205-00071;;;FERRAMENTARIA;ARMARIO 1;NÃO ENCONTRADO;
SACA;030-204-001026;76700200044101;;FERRAMENTARIA;ESTANTE 2;PRAT 03;
MANÔMETRO;030-205-00073;;;FERRAMENTARIA;ARMARIO 1;PRAT 2;
MANÔMETRO;030-205-00074;;;FERRAMENTARIA;ARMARIO 1;PRAT 2;
MANÔMETRO;030-205-00075;;;;ARMARIO 1;PRAT 2;
MANÔMETRO;030-205-00076;;;FERRAMENTARIA;ARMARIO 1;NÃO ENCONTRADO;
MANÔMETRO;030-205-00077;;;FERRAMENTARIA;ARMARIO 1;PRAT 2;
MANÔMETRO;030-205-00078;;;FERRAMENTARIA;ARMARIO 1;PRAT 2;
MANÔMETRO;030-205-00079;;;FERRAMENTARIA;ARMARIO 1;NÃO ENCONTRADO;
MANÔMETRO;030-205-00080;;;ESTANTE AMARELA;ARMARIO 1;NÃO ENCONTRADO;
MANÔMETRO;030-205-00081;;;FERRAMENTARIA;ARMARIO 1;PRAT 3;
MANÔMETRO;030-205-00082;;;FERRAMENTARIA;ARMARIO 1;PRAT 3;
MANÔMETRO 4480 PSI;030-205-00083;;;FERRAMENTARIA;ARMARIO 1;PRAT 3;
MANÔMETRO;030-205-00084;;;;ARMARIO 1;PRAT 3;
CALIBRE DE FOLGA;030-205-00085;;;;ARMARIO 1;PRAT 2;
MANÔMETRO;030-205-00086;;;FERRAMENTARIA;ARMARIO 1;PRAT 2;
MICROVIB II;030-205-00097;;;;ESTANTE 5;PRAT 1;
MULTIMETRO DIGITAL;030-205-00098;;;;FORA DE USO;FORA DE USO;
ADAPTADOR LAVAGEM COMPRESSOR KING 200;030-205-001002;K-1269;;;ESTANTE 2;PRAT 5;
PEÇA ASA FIXA CESSNA;030-205-001004;CPWA-30499-50;;;ESTANTE 1;PRAT 4;
CALIBRE DE ROSCA 52 LAMINAS;030-205-001013;1423;LOTUS;FERRAMENTARIA;ARMARIO 1;PRAT 1;
BALANÇA AERONAVES;030-205-00102;;;;ARMARIO TERCEIROS;;
IFR 4000;030-205-00103;;;;ARMARIO TERCEIROS;;
IFR 6000;030-205-00104;;;;ARMARIO TERCEIROS;;
BALANÇA PESAGEM;030-205-00109;607400-04;;;ESTANTE 3;PRAT 6;
ELETRONIC REFIGERATED;030-205-00783;98210-001;;;ESTANTE 5 ;PRAT 2;
TUBO PARA BOROSCOPIO;033-204-00237;;;;NÃO ENCONTRADO;;
TESTE ULB;033-204-00838;;;;ARMARIO 1;;
RELOGIO COMPARADOR;033-205-00013;1509251;;;ARMARIO 1 ;PRAT 1;
BALANCEADOR DE HELICE 2020HR CGH;CGH3.0101;10-100-2020HR;;;ESTANTE 6;PRAT 3;
SOPRADOR TERMICO  MALETA;SOD1.3264;;;;ARMARIO 2;PRAT 3;
ADAPTADOR BOLT PILATUS;030-204-001013;N/C;;FERRAMENTARIA;Q2 AZUL TREM DE POUSO;Q2;
ESTAÇÃO FERRO DE SOLDA;030-204-001014;HK-930;;FERRAMENTARIA;ARMARIO 2 ;PRAT 3;
PINOS DE MONTAGEM 18 EA;030-204-00540;3170037-13;;FERRAMENTARIA;ARMARIO 2 ;PRAT 3;
CINTA CATRACA 4 EA;030-204-001015;N/A;;FERRAMENTARIA;ARMARIO 2 ;PRAT 4;
BOMBA HIDRAULICA MANUAL;030-204-001016;7197;;FERRAMENTARIA;ARMARIO 2 ;PRAT 5;
DENSIMETRO;030-205-001017;PH12;;FERRAMENTARIA;ARMARIO 2 ;PRAT 3;
TEX BOX LEARJET ;030-204-001018;3170041-1;;FERRAMENTARIA;ESTANTE 3;PRAT 4;
PARAFUSADEIRA VONDER AMARELA Nº 1;030-204-001018;;;FERRAMENTARIA;ARMARIO 2;PRAT 3;
ESMERILHADEIRA BOSCH;030-204-001126;GWS 850;;FERRAMENTARIA;ARMARIO 2;PRAT 4;
FURADEIRA MAQUINA;030-204-001019;;;FERRAMENTARIA;ARMARIO 2;PRAT 3;
IDENTIFICAÇÃO DA ANTENA STATIC;030-204-001020;;;FERRAMENTARIA;ARMARIO 2;PRAT 4;
CABO ;030-204-001021;6600-100026-29;;FERRAMENTARIA;ARMARIO 2;PRAT 1;
PASSA FIO;030-204-001022;;;FERRAMENTARIA;ARMARIO 2;PRAT 1;
MANGUEIRA C/CONEXÕES;030-204-001023;N/C;;FERRAMENTARIA;ARMARIO 2;PRAT 1;
ALICATE VARIAS POSIÇÕES;030-204-001024;N/C;;FERRAMENTARIA;Q4 PRETO;Q4;
VIRA MACHO DESANDADOR ;030-204-001025;;;FERRAMENTARIA;Q3 AZUL COMANDO GERA  ;Q3;
SUPORTE;030-204-001027;;;FERRAMENTARIA;ESTANTE 2;PRAT 03;
FURADEIRA ANGULAR;030-204-001093;DR300;;FERRAMENTARIA;Q5 PRETO;Q5;
CHAVE ESPECIL;030-204-001031;N/C;;;ESTANTE 1;PRAT 4;
ADAPTADOR  1/2POL ENCAIXE 3/4POL. SATA;030-204-00748;13950;;FERRAMENTARIA;Q4 PRETO;Q4;
SOQUETE 1/2 BELZER;030-204-00652;;;FERRAMENTARIA;Q4 PRETO;Q4;
DISCO ;030-204-001032;76720020012065;;FERRAMENTARIA;ESTANTE 1;PRAT 3;
SACA PINO;030-204-001033;;;FERRAMENTARIA;ESTANTE 1;PRAT 4;
SOQUETE 3/16;030-204-001034;;;FERRAMENTARIA;Q4 PRETO;Q4;
SOQUETE 3/4-1/2;030-204-001035;;;FERRAMENTARIA;Q4 PRETO;Q4;
ALICATE;030-204-001036;;;FERRAMENTARIA;Q4 PRETO;Q4;
"SOQUETE 1""";030-204-001037;;;FERRAMENTARIA;Q4 PRETO;Q4;
SOQUETE 10MM;030-204-001038;;;FERRAMENTARIA;Q4 PRETO;Q4;
SOQUETE 10 MM;030-204-001039;N/C;;FERRAMENTARIA;Q4 PRETO;Q4;
CHAVE ADAPTADA 5/8 PARA HELICE;030-204-001040;;;;Q1 AZUL MOTOR;Q1;
KIT,ADAPTOR LEAR 55/60;030-204-001041;K-2182;;FERRAMENTARIA;ESTANTE 2;PRAT 5;
SACA ROLAMENTO;033-204-01110;;;FERRAMENTARIA;ESTANTE 2;PRAT 2;
SACA ROLAMENTO;033-204-01109;;;FERRAMENTARIA;ESTANTE 2;PRAT 2;
CELULA DE VACUA;030-204-001042;;;;ESTANTE 6;PRAT 2;
TAMPÃO DE COMBUSTIVEL 6 EA CONJU. C/MALETA MORE;030-204-001043;;;;ESTANTE 5;PRAT 3;
TAMPÃO DE COMBUSTIVEL 2 EA -CONJU C/MALETA MORE;030-204-001044;;;;ESTANTE 5;PRAT 3;
ACOPLAMENTO PRESSÃO HIDRAULICA HPU;030-204-001045;MFR-SDE34;;FERRAMENTARIA;ESTANTE 6;PRAT 2;
ADAPTADOR COMBUSTIVEL LEARJET 2 EA;030-204-001046;;;FERRAMENTARIA;ESTANTE 6;PRAT 2;
ADAPTADOR COMBUSTIVEL 6EA;030-204-001047;;;FERRAMENTARIA;ESTANTE 6;PRAT 2;
SUPERFICIE CONTROLE DE EQUILIBRIO CESSNA;033-204-00215;5180002-14;;FERRAMENTARIA;ESTANTE 6;PRAT 1;
SUPERFICIE CONTROLE DE EQUILIBRIO CESSNA;033-204-00214;5180002-14;;FERRAMENTARIA;ESTANTE 6;PRAT 1;
KIT PESO CONTROLE DE EQUILIBRIO ;030-204-001046;5180002-5;;FERRAMENTARIA;ESTANTE 6;PRAT 1;
MANGUEIRA HIDRAULICA;030-204-001048;EN853;;FERRAMENTARIA;ESTANTE 6;PRAT 3;
MANGUEIRA HIDRAULICA;030-204-001049;EN853;;FERRAMENTARIA;ESTANTE 6;PRAT 3;
MANGUEIRA BORRACHA VERMELHA;030-204-001050;;;FERRAMENTARIA;ESTANTE 6;PRAT 3;
MANGUEIRA BORRACHA VERMELHA;030-204-001051;;;FERRAMENTARIA;ESTANTE 6;PRAT 3;
MANGUEIRA BORRACHA FLEXIVEL;030-204-001052;;;FERRAMENTARIA;ESTANTE 6;PRAT 3;
MANGUEIRA CURTA C/CONEXÃO 5 EA;030-204-001053;;;FERRAMENTARIA;ESTANTE 6;PRAT 3;
EQUIPAMENTO HIDRAULICO;030-204-001054;;;FERRAMENTARIA;ESTANTE 6;PRAT 3;
KIT DE FERRAMENTAS ENGRENAGEM PRINCIPAL CESSNA;030-204-001055;CJMDL-32-006;;FERRAMENTARIA;ESTANTE 6;PRAT 4;
PESO;030-204-001056;N/C;;FERRAMENTARIA;ESTANTE 6;PRAT 4;
BALANCE FIXTURE 2EA;030-204-001057;3170036-1;;FERRAMENTARIA;ESTANTE 6;PRAT 4;
SACA CAPA;030-204-00854;;;FERRAMENTARIA;ESTANTE 2;PRAT 03;
SACA CAPA;030-204-00824;;;FERRAMENTARIA;ESTANTE 2;PRAT 03;
SACA CAPA;030-204-00832;;;FERRAMENTARIA;ESTANTE 2;PRAT 03;
SACA CAPA;030-204-00830;;;FERRAMENTARIA;ESTANTE 2;PRAT 03;
SACA CAPA;030-204-00823;;;FERRAMENTARIA;ESTANTE 2;PRAT 03;
SACA CAPA;030-204-00827;;;FERRAMENTARIA;ESTANTE 2;PRAT 03;
SACA CAPA;030-204-00850;;;FERRAMENTARIA;ESTANTE 2;PRAT 03;
SACA CAPA;030-204-00851;;;FERRAMENTARIA;ESTANTE 2;PRAT 03;
SACA CAPA;030-204-00834;;;FERRAMENTARIA;ESTANTE 2;PRAT 03;
SACA CAPA;030-204-00833;;;FERRAMENTARIA;ESTANTE 2;PRAT 03;
SACA CAPA;030-204-00826;;;FERRAMENTARIA;ESTANTE 2;PRAT 03;
SACA CAPA;030-204-00855;;;FERRAMENTARIA;ESTANTE 2;PRAT 03;
SACA CAPA;030-204-00849;;;FERRAMENTARIA;ESTANTE 2;PRAT 03;
SACA CAPA;030-204-00822;;;FERRAMENTARIA;ESTANTE 2;PRAT 03;
SACA CAPA;030-204-00828;;;FERRAMENTARIA;ESTANTE 2;PRAT 03;
SACA CAPA;030-204-00831;;;FERRAMENTARIA;ESTANTE 2;PRAT 03;
SACA CAPA;030-204-00848;;;FERRAMENTARIA;ESTANTE 2;PRAT 03;
SACA CAPA;030-204-001056;;;FERRAMENTARIA;ESTANTE 2;PRAT 03;
SACA CAPA;030-204-001057;;;FERRAMENTARIA;ESTANTE 2;PRAT 03;
SACA CAPA;030-204-001058;;;FERRAMENTARIA;ESTANTE 2;PRAT 03;
SACA CAPA;030-204-001059;;;FERRAMENTARIA;ESTANTE 2;PRAT 03;
PONTE LCR PORTATIL;030-205-001060;HK-120;;FERRAMENTARIA;ARMARIO 1;PRAT 1;
CHAVE COMB 1-1/4 POR 1-5/16;030-204-001060;CBU-100;;FERRAMENTARIA;Q4 PRETO;Q4;
CATRACA 1/2 REVERSIVEL '' SATA;030-204-001062;ST13974;SATA;FERRAMENTARIA;Q4 PRETO ;Q4;
CHAVE CORTADA 25/32 BOCA;030-204-001063;;;FERRAMENTARIA;Q4 PRETO;Q4;
CHAVE CORTADA ;030-204-001064;;;FERRAMENTARIA;Q4 PRETO ;Q4;
CHAVE CORTADA ;030-204-001065;;;FERRAMENTARIA;Q4 PRETO ;Q4;
CHAVE CORTADA 1 1/4 BOCA;030-204-001066;;;FERRAMENTARIA;Q4 PRETO ;Q4;
CHAVE CORTADA 1 1/4;030-204-001067;;;FERRAMENTARIA;Q4 PRETO ;Q4;
REBITADEIRA SATA;030-204-00782;;;FERRAMENTARIA;Q4 PRETO ;QUARENTENA;
ALICATE PRENSSAR TORRE;030-204-001068;;;FERRAMENTARIA;Q4 PRETO ;Q4;
ALICATE DESCASCAR FIO;030-204-001069;;;FERRAMENTARIA;Q4 PRETO ;Q4;
BICOS DE ENGRAXADEIRAS 4 EA;030-204-001070;;;FERRAMENTARIA;ESTANTE 6 ;PRAT 2;
PULSEIRA ANTI ESTATICA;030-204-001071;;;FERRAMENTARIA;ARMARIO 1;PRAT 2;
GANCHO METAL DUPLO;030-204-001072;;;FERRAMENTARIA;ESTANTE 1;PRAT 1;
PESOS BALANCEADOR HELICE 2 EA;030-204-001073;;;FERRAMENTARIA;ESTANTE 1;PRAT 4;
APLICADOR DE BOLT;030-204-001074;;;FERRAMENTARIA;ESTANTE 2;PRAT 02;
SUPORTE INVERTIDO;030-204-00624;N/C;;FERRAMENTARIA;Q2 AZUL TREM DE POUSO;Q2;
SUPORTE DOIS FUROS;030-204-00707;N/C;;FERRAMENTARIA;Q2 AZUL TREM DE POUSO;Q2;
SUPORTE NARIZ;030-204-00622;76700200200-1002;;FERRAMENTARIA;Q2 AZUL TREM DE POUSO;Q2;
SUPORTE NARIZ;030-204-00623;76700200200-1002;;FERRAMENTARIA;Q2 AZUL TREM DE POUSO;Q2;
SUPORTE NARIZ;030-204-00629;76700200200-1001;;FERRAMENTARIA;Q2 AZUL TREM DE POUSO;Q2;
CONECTOR LONGO;030-204-00639;N/C;;FERRAMENTARIA;Q2 AZUL TREM DE POUSO;Q2;
SUPORTE QUADRADO;030-204-00640;N/C;;FERRAMENTARIA;Q2 AZUL TREM DE POUSO;Q2;
SUPORTE RELOGIO COMPARADOR Z;CGH3.2257;N/C;;FERRAMENTARIA;Q2 AZUL TREM DE POUSO;Q2;
CHAVE ESPECIAL LONGO;030-204-003463;N/C;;FERRAMENTARIA;Q2 AZUL TREM DE POUSO;Q2;
TRAVA COMANDO;030-204-00084;;;FERRAMENTARIA;Q3 AZUL COMANDO GERA  ;Q3;
TRAVA COMANDO;030-204-00730;;;FERRAMENTARIA;Q3 AZUL COMANDO GERA  ;Q3;
TRAVA COMANDO;030-204-00731;;;FERRAMENTARIA;Q3 AZUL COMANDO GERA  ;Q3;
TRAVA COMANDO;030-204-00864;;;FERRAMENTARIA;Q3 AZUL COMANDO GERA  ;Q3;
TRAVA COMANDO;030-204-00865;;;FERRAMENTARIA;Q3 AZUL COMANDO GERA  ;Q3;
TRAVA COMANDO;030-204-00866;;;FERRAMENTARIA;Q3 AZUL COMANDO GERA  ;Q3;
TRAVA COMANDO;030-204-00867;;;FERRAMENTARIA;Q3 AZUL COMANDO GERA  ;Q3;
GRAMPO RAPIDO IRWIN;030-204-00727;;;FERRAMENTARIA;Q5 PRETO;Q5;
GRAMPO RAPIDO IRWIN;030-204-00728;;;FERRAMENTARIA;Q5 PRETO;Q5;
GRAMPO RAPIDO IRWIN;030-204-00729;;;FERRAMENTARIA;Q5 PRETO;Q5;
GRAMPO RAPIDO IRWIN;030-204-00784;;;FERRAMENTARIA;Q3 AZUL COMANDO GERA  ;Q3;
CHAVE ESPECIAL DENTADA;030-204-00719;;;FERRAMENTARIA;Q4 PRETO ;Q4;
ADAPTADOR MOVEL;030-204-00720;;;FERRAMENTARIA;Q4 PRETO ;Q4;
ALICATE BICO FINO;030-204-00770;;;FERRAMENTARIA;Q4 PRETO ;Q4;
SOQUERE 1.5/8;030-204-00736;;;FERRAMENTARIA;Q4 PRETO ;Q4;
BOMBA DE VACUO DRV 2;030-204-001075;;;FERRAMENTARIA;ARMARIO 1;PRAT 5;
CABINE JATEAMENTO;030-204-001078;84248990;;HANGAR;HANGAR ;HANGAR 2;
VAP ;030-204-001080;;;FERRAMENTARIA;FERRAMENTARIA;PISO ;
ENGRAXADEIRA VAZIA;030-204-001081;;;FERRAMENTARIA;Q5 PRETO;Q5;
ENGRAXADEIRA GREASE 28;030-204-001082;;;FERRAMENTARIA;Q5 PRETO;Q5;
ENGRAXADEIRA NICO GN 3058;030-204-001083;;;FERRAMENTARIA;Q5 PRETO;Q5;
ENGRAXADEIRA MOLIKOTE 33;030-204-001084;;;FERRAMENTARIA;Q5 PRETO;Q5;
ENGRAXADEIRA GREASE22;030-204-001085;;;FERRAMENTARIA;Q5 PRETO;Q5;
ENGRAXADEIRA GREASE 22;030-204-001086;;;FERRAMENTARIA;Q5 PRETO;Q5;
ENGRAXADEIRA GRAXA 33;030-204-001087;;;FERRAMENTARIA;Q5 PRETO;Q5;
ENGRAXADEIRA GREASE 7;030-204-001088;;;FERRAMENTARIA;Q5 PRETO;Q5;
ENGRAXADEIRA GREASE 64;030-204-001089;;;FERRAMENTARIA;Q5 PRETO;Q5;
ENGRAXADEIRA MINI BRANCA;030-204-001090;;;FERRAMENTARIA;Q5 PRETO;Q5;
MULTIPLICADORA DE NITROGENIO;030-204-00710;18-4201-1010;;FERRAMENTARIA;FERRAMENTARIA;PISO ;
CHAVE COMBINADA 1-3/4;030-204-001091;;;FERRAMENTARIA;Q3 AZUL COMANDO GERA  ;Q3;
CHAVE COMBINADA 1-7/8 E 1-11/16;030-204-001092;;;FERRAMENTARIA;Q3 AZUL COMANDO GERA  ;Q3;
ALICATE CLECO;030-204-00763;;;FERRAMENTARIA;Q5 PRETO;Q5;
PINOS PARA CLECO;030-204-001094;;;FERRAMENTARIA;ARMARIO 2;PRAT 5;
APLICADOR DE SELANTE PU;030-204-00751;;;FERRAMENTARIA;Q5 PRETO;Q5;
CHAVE ALLEN POL. 13EA;030-204-001097;;;FERRAMENTARIA;ESTANTE 1;PRAT 4;
CHAVE ALLEN MM. 12EA;030-204-001098;;;FERRAMENTARIA;ESTANTE 1;PRAT 4;
CABOS DE CABLAGEM;030-204-001099;N/A;;FERRAMENTARIA;ESTANTE 6;PRAT 1;
CABOS DE CABLAGEM;030-204-001099;N/A;;FERRAMENTARIA;ESTANTE 6;PRAT 1;
ADAPTADOR;030-204-001101;14PF465;;FERRAMENTARIA;ESTANTE 2;PRAT 02;
REDUÇÃO;030-204-001102;;;FERRAMENTARIA;Q4 PRETO ;Q4;
BARRA C/RODA DUPLA;030-204-001103;;;FERRAMENTARIA;ESTANTE 1;PRAT 4;
PISTOLA DE PINTURA ARCDAL;030-204-001132;ARC-H-827A;;HANGAR;HANGAR ;HANGAR -DIOGO;
REGULADORA DE OXIGENIO;030-204-001108;;;HANGAR;HANGAR ;CILINDRO OXIGENIO;
REGULADORA DE OXIGENIO;030-204-001109;;;FERRAMENTARIA;ARMARIO 1;PRAT 4;
CARRINHO DE CARREGAR MACACO HIDRAULICO;030-204-001106;;;HANGAR;HANGAR 2;PROX.SALA PINTURA;
CARRINHO DE CARREGAR MACACO HIDRAULICO;030-204-001107;;;HANGAR;HANGAR 2;PROX.SALA PINTURA;
TRAVA COMANDO;030-204-001110;;;FERRAMENTARIA;Q3 AZUL COMANDO GERA  ;Q3;
GANCHO GIRATORIO;030-204-001111;;;FERRAMENTARIA;ESTANTE 6 ;PRAT 3;
POLITRIX DEWALT ;030-204-001113;DWP849X;;FERRAMENTARIA;ARMARIO 2;PRAT 4;
POLITRIX DEWALT ;030-204-001114;DWP849X;;FERRAMENTARIA;ARMARIO 2;PRAT 1;
POLITRIX INGCO ;030-204-001115;AP14008-9;;FERRAMENTARIA;ARMARIO 2;PRAT 4;
MANGUEIRA 2 LD FEMEA;030-204-001116;;;FERRAMENTARIA;ESTANTE 6;PRAT 3;
RIG PIN COMANDO DE VOO LEARJET 03EA;030-204-001117;;;FERRAMENTARIA;ESTANTE 1;PRAT 2;
ADAPTADOR BANCADA HIDRA. LEARJET;030-204-001121;;;FERRAMENTARIA;ESTANTE 6;PRAT 3;
CASTANHA MACACO G400;030-204-001118;1159SEM20008;;FERRAMENTARIA;ESTANTE 6;PRAT 3;
CASTANHA MACACO G550;030-204-001119;;;FERRAMENTARIA;ESTANTE 2;PRAT 4;
PORCA DE TREM DE POUSO NARIZ GULFSTREM;030-204-001130;;;FERRAMENTARIA;ESTANTE 2;PRAT 4;
MANGUEIRA PARA TESTE DO TREM DE POUSO;030-205-000217;;;FERRAMENTARIA;ESTANTE 6;PRAT 2;
MANGUEIRA PARA TESTE DO TREM DE POUSO;030-205-000218;;;FERRAMENTARIA;ESTANTE 6;PRAT 2;
ALICATE DMC DANIELS GMT 221;030-204-00970;;;FERRAMENTARIA;Q4 PRETO;Q4;
ALICATE PRENSA TERMINAIS A 054 VONDER;030-204-00971;;;FERRAMENTARIA;Q4 PRETO;Q4;
ALICATE DE PRESSÃO PERKON;030-204-00972;;;FERRAMENTARIA;Q4 PRETO;Q4;
MANOMETRO DE PRESSÃO 160PSI;030-205-00218;;;FERRAMENTARIA;ARMARIO 1;PRAT 4;
APOIO DA ESCADA LEAR JET;030-204-001133;;;FERRAMENTARIA;ARMARIO 2;PRAT 4;
APOIO DA ESCADA LEAR JET;030-204-001134;;;FERRAMENTARIA;ARMARIO 3;PRAT 4;
PWC SACADOR COM ROSCA;030-204-00769;;;FERRAMENTARIA;Q1 AZUL MOTOR;Q1;
VIRA MACHO DESANDADOR ;030-204-001135;;;FERRAMENTARIA;Q3 AZUL COMANDO GERA  ;Q3;
VIRA MACHO DESANDADOR ;030-204-001136;;;FERRAMENTARIA;Q3 AZUL COMANDO GERA  ;Q3;
RECIPIENTE PARA TESTE DE BICOS;030-204-001137;;;FERRAMENTARIA;ESTANTE 5;PRAT 1;
MACACO HIDRAULICO FIXO VIVA AER 30T;030-204-001138;VAPOD-302124;VIVA AER;FERRAMENTARIA;HANGAR GSE;GSE;
MACACO HIDRAULICO FIXO VIVA AER 30T;030-204-001139;VAPOD-302124;VIVA AER;FERRAMENTARIA;HANGAR GSE;GSE;
MACACO HIDRAULICO VIVA AER 12T;030-204-001140;VAPOD-302124;VIVA AER;FERRAMENTARIA;HANGAR GSE;GSE;
MACACO HIDRAULICO AJUSTAVEL VOAR 5T;030-204-001141;VOAR;;FERRAMENTARIA;HANGAR GSE;GSE;TAG VERMELHA
MACACO HIDRAULICO AJUSTAVEL VOAR 5T;030-204-001142;VOAR;;FERRAMENTARIA;HANGAR GSE;GSE;
MACACO HIDRAULICO AJUSTAVEL VOAR 5T;030-204-001143;VOAR;;FERRAMENTARIA;HANGAR GSE;GSE;
MACACO HIDRAULICO AJUSTAVEL VOAR 5T;030-204-001144;VOAR;;FERRAMENTARIA;HANGAR GSE;GSE;
MACACO HIDRAULICO AJUSTAVEL VOAR 5T;030-204-001145;VOAR;;FERRAMENTARIA;HANGAR GSE;GSE;
MACACO HIDRAULICO AJUSTAVEL VOAR 5T;030-204-001146;VOAR;;FERRAMENTARIA;HANGAR GSE;GSE;
MACACO HIDRAULICO AJUSTAVEL VOAR 5T;030-204-001147;VOAR;;FERRAMENTARIA;HANGAR GSE;GSE;
MACACO HIDRAULICO AJUSTAVEL VOAR 5T;030-204-001148;VOAR;;FERRAMENTARIA;HANGAR GSE;GSE;TAG VERMELHA
MACACO HIDRAULICO AJUSTAVEL VOAR 5T;030-204-001149;VOAR;;FERRAMENTARIA;HANGAR GSE;GSE;
MACACO HIDRAULICO AJUSTAVEL VOAR 5T;030-204-001150;VOAR;;FERRAMENTARIA;HANGAR GSE;GSE;
MACACO HIDRAULICO AJUSTAVEL VOAR 5T;030-204-001151;VOAR;;FERRAMENTARIA;HANGAR GSE;GSE;
MACACO HIDRAULICO AJUSTAVEL VOAR 5T;030-204-001152;VOAR;;FERRAMENTARIA;HANGAR GSE;GSE;TAG VERMELHA
MACACO HIDRAULICO AJUSTAVEL VOAR 5T;030-204-001153;VOAR;;FERRAMENTARIA;HANGAR GSE;GSE;TAG VERMELHA
MACACO HIDRAULICO AJUSTAVEL VOAR 5T;030-204-001154;VOAR;;FERRAMENTARIA;HANGAR GSE;GSE;
MACACO HIDRAULICO AJUSTAVEL VOAR 5T;030-204-001155;VOAR;;FERRAMENTARIA;HANGAR GSE;GSE;
MACACO HIDRAULICO FIXO ZELOSO 7T;030-204-001156;MAT7009PT;ZELOSO;FERRAMENTARIA;HANGAR GSE;GSE;
MACACO HIDRAULICO FIXO ICON 5T;030-204-001157;ICON 002886;;FERRAMENTARIA;HANGAR GSE;GSE;
SUPORTE DE CALDA AJUSTAVEL VOAR;030-204-001158;VOAR;;FERRAMENTARIA;HANGAR GSE;GSE;
SUPORTE DE CALDA AJUSTAVEL VOAR;030-204-001159;VOAR;;FERRAMENTARIA;HANGAR GSE;GSE;
SUPORTE DE CALDA AJUSTAVEL VOAR;030-204-001160;VOAR;;FERRAMENTARIA;HANGAR GSE;GSE;TAG VERMELHA
SUPORTE DE CALDA AJUSTAVEL VOAR;030-204-001161;VOAR;;FERRAMENTARIA;HANGAR GSE;GSE;
SUPORTE DE CALDA AJUSTAVEL VOAR;030-204-001162;M1224;;FERRAMENTARIA;HANGAR GSE;GSE;
APOIO DE ASA AJUSTAVEL VOAR;030-204-001163;VOAR;;FERRAMENTARIA;HANGAR GSE;GSE;
APOIO DE ASA AJUSTAVEL VOAR;030-204-001164;VOAR;;FERRAMENTARIA;HANGAR GSE;GSE;
APOIO DE ASA AJUSTAVEL 2EA VOAR;030-204-001165;VOAR;;FERRAMENTARIA;HANGAR GSE;GSE;
APOIO DE ASA AJUSTAVEL 2EA VOAR;030-204-001166;VOAR;;FERRAMENTARIA;HANGAR GSE;GSE;
JIRAFA HIDRAULICA ( GIRICO );030-204-001167;VOAR;;FERRAMENTARIA;HANGAR GSE;GSE;
RESERVATORIO DE COMBUSTIVEL INOX TANK 550L HORIZONTAL;030-204-001168;VOAR;;FERRAMENTARIA;HANGAR GSE;GSE;
RESERVATORIO DE COMBUSTIVEL INOX TANK 550L HORIZONTAL;030-204-001169;VOAR;;FERRAMENTARIA;HANGAR GSE;GSE;
RESERVATORIO DE COMBUSTIVEL INOX TANK 550L VERTICAL;030-204-001170;VOAR;;FERRAMENTARIA;HANGAR GSE;GSE;
RESERVATORIO DE COMBUSTIVEL INOX TANK 550L VERTICAL;030-204-001171;VOAR;;FERRAMENTARIA;HANGAR GSE;GSE;
RESERVATORIO PARA RESIDUOS ( CACHORRINHO DE OLEO );030-204-001172;VOAR;;FERRAMENTARIA;HANGAR GSE;GSE;
RESERVATORIO PARA RESIDUOS ( CACHORRINHO DE OLEO );030-204-001173;VOAR;;FERRAMENTARIA;HANGAR GSE;GSE;
RESERVATORIO PARA RESIDUOS ( CACHORRINHO DE OLEO );030-204-001174;VOAR;;FERRAMENTARIA;HANGAR GSE;GSE;
RESERVATORIO PARA RESIDUOS ( CACHORRINHO DE OLEO );030-204-001175;VOAR;;FERRAMENTARIA;HANGAR GSE;GSE;
SUPORTE PARA HELICE ;030-204-001176;VOAR;;FERRAMENTARIA;HANGAR GSE;GSE;
SUPORTE PARA HELICE ;030-204-001177;VOAR;;FERRAMENTARIA;HANGAR GSE;GSE;
SUPORTE PARA HELICE ;030-204-001178;VOAR;;FERRAMENTARIA;HANGAR GSE;GSE;
SUPORTE PARA HELICE ;030-204-001179;VOAR;;FERRAMENTARIA;HANGAR GSE;GSE;
SUPORTE PARA HELICE ;030-204-001180;VOAR;;FERRAMENTARIA;HANGAR GSE;GSE;
MACACO JACARE AMARELO VOAR;030-204-001181;M1220;;FERRAMENTARIA;HANGAR GSE;GSE;
ESCADA 3 DEGRAUS AMARELA VOAR;030-204-001182;VOAR;;FERRAMENTARIA;HANGAR GSE;GSE;
ESCADA 3 DEGRAUS AMARELA VOAR;030-204-001183;VOAR;;FERRAMENTARIA;HANGAR GSE;GSE;
ESCADA 3 DEGRAUS AMARELA VOAR;030-204-001184;VOAR;;FERRAMENTARIA;HANGAR GSE;GSE;
ESCADA 3 DEGRAUS AMARELA VOAR;030-204-001185;VOAR;;FERRAMENTARIA;HANGAR GSE;GSE;
ESCADA 3 DEGRAUS AMARELA VOAR;030-204-001186;VOAR;;FERRAMENTARIA;HANGAR GSE;GSE;
ESCADA 3 DEGRAUS AMARELA VOAR;030-204-001187;VOAR;;FERRAMENTARIA;HANGAR GSE;GSE;
ESCADA 3 DEGRAUS AMARELA VOAR;030-204-001188;VOAR;;FERRAMENTARIA;HANGAR GSE;GSE;
ESCADA 3 DEGRAUS AMARELA VOAR;030-204-001189;VOAR;;FERRAMENTARIA;HANGAR GSE;GSE;
ESCADA 3 DEGRAUS AMARELA VOAR;030-204-001190;VOAR;;FERRAMENTARIA;HANGAR GSE;GSE;
ESCADA 4 DEGRAUS AMARELA VOAR;030-204-001191;VOAR;;FERRAMENTARIA;HANGAR GSE;GSE;
ESCADA 4 DEGRAUS AMARELA VOAR;030-204-001192;VOAR;;FERRAMENTARIA;HANGAR GSE;GSE;
ESCADA 4 DEGRAUS AMARELA VOAR;030-204-001193;VOAR;;FERRAMENTARIA;HANGAR GSE;GSE;
ESCADA 4 DEGRAUS AMARELA VOAR;030-204-001194;VOAR;;FERRAMENTARIA;HANGAR GSE;GSE;
ESCADA 4 DEGRAUS AMARELA VOAR;030-204-001195;VOAR;;FERRAMENTARIA;HANGAR GSE;GSE;
ESCADA 4 DEGRAUS AMARELA VOAR;030-204-001196;VOAR;;FERRAMENTARIA;HANGAR GSE;GSE;
ESCADA 4 DEGRAUS AMARELA VOAR;030-204-001197;VOAR;;FERRAMENTARIA;HANGAR GSE;GSE;
ESCADA 4 DEGRAUS AMARELA VOAR;030-204-001198;VOAR;;FERRAMENTARIA;HANGAR GSE;GSE;
ESCADA 4 DEGRAUS AMARELA VOAR;030-204-001199;VOAR;;FERRAMENTARIA;HANGAR GSE;GSE;
ESCADA 7 DEGRAUS AMARELA VOAR;030-204-001200;VOAR;;FERRAMENTARIA;HANGAR GSE;GSE;
ESCADA 7 DEGRAUS AMARELA VOAR;030-204-001201;VOAR;;FERRAMENTARIA;HANGAR GSE;GSE;
ESCADA 7 DEGRAUS AMARELA VOAR;030-204-001202;VOAR;;FERRAMENTARIA;HANGAR GSE;GSE;
ESCADA 9 DEGRAUS AMARELA VOAR;030-204-001203;VOAR;;FERRAMENTARIA;HANGAR GSE;GSE;
ESCADA 9 DEGRAUS AMARELA VOAR;030-204-001204;VOAR;;FERRAMENTARIA;HANGAR GSE;GSE;
ESCADA 9 DEGRAUS AMARELA VOAR;030-204-001205;VOAR;;FERRAMENTARIA;HANGAR GSE;GSE;
ESCADA 9 DEGRAUS AMARELA VOAR;030-204-001206;VOAR;;FERRAMENTARIA;HANGAR GSE;GSE;TAG VERMELHA
ESCADA 6 DEGRAUS AMARELA VOAR;030-204-001207;VOAR;;FERRAMENTARIA;HANGAR GSE;GSE;
ESCADA 6 DEGRAUS AMARELA VOAR;030-204-001208;VOAR;;FERRAMENTARIA;HANGAR GSE;GSE;
ESCADA 6 DEGRAUS AMARELA VOAR;030-204-001209;VOAR;;FERRAMENTARIA;HANGAR GSE;GSE;
RESERVATORIO PARA RESIDUOS  ( CACHORRINHO DE OLEO );030-204-001210;VOAR;;FERRAMENTARIA;HANGAR GSE;GSE;
ESCADA 11 DEGRAUS CINZA/PRETO VOAR;030-204-001211;VOAR;;FERRAMENTARIA;HANGAR GSE;GSE;
ESCADA 15 DEGRAUS CINZA/PRETO VOAR;030-204-001212;VOAR;;FERRAMENTARIA;HANGAR GSE;GSE;
ESCADA 22 DEGRAUS AZUL  VOAR;030-204-001213;VOAR;;FERRAMENTARIA;HANGAR GSE;GSE;
ESCADA 7 DEGRAUS AMARELA VOAR;030-204-001214;VOAR;;FERRAMENTARIA;HANGAR GSE;GSE;
MACACO HIDRAULICO AJUSTAVEL ZELOSO 2;030-204-001215;FAZELO;;FERRAMENTARIA;HANGAR GSE;GSE;
MACACO HIDRAULICO AJUSTAVEL ZELOSO 2;030-204-001216;E07454;FAZELO;FERRAMENTARIA;HANGAR GSE;GSE;
MACACO HIDRAULICO AJUSTAVEL ZELOSO 2;030-204-001217;E07531;FAZELO;FERRAMENTARIA;HANGAR GSE;GSE;
SUPORTE DE CALDA AJUSTAVEL VOAR;030-204-001218;VOAR;;FERRAMENTARIA;HANGAR GSE;GSE;
SUPORTE DE CALDA AJUSTAVEL VOAR;030-204-001219;VOAR;;FERRAMENTARIA;HANGAR GSE;GSE;
MACACO HIDRAULICO AJUSTAVEL ZELOSO ;030-204-001220;E07531;;FERRAMENTARIA;HANGAR GSE;GSE;
SUPORTE DE CALDA AJUSTAVEL VOAR;030-204-001221;VOAR;;FERRAMENTARIA;HANGAR GSE;GSE;
BANCADA DE TRABALHO S/GAVETA;030-204-001222;VOAR;;FERRAMENTARIA;HANGAR GSE;GSE;
BANCADA DE TRABALHO S/GAVETA;030-204-001223;VOAR;;FERRAMENTARIA;HANGAR GSE;GSE;
BANCADA DE TRABALHO C/GAVETA;030-204-001224;VOAR;;FERRAMENTARIA;HANGAR GSE;GSE;
BANCADA DE TRABALHO S/GAVETA;030-204-001225;VOAR;;FERRAMENTARIA;HANGAR GSE;GSE;
BANCADA DE TRABALHO S/GAVETA;030-204-001226;VOAR;;FERRAMENTARIA;HANGAR GSE;GSE;
BANCADA DE TRABALHO S/GAVETA;030-204-001227;VOAR;;FERRAMENTARIA;HANGAR GSE;GSE;
BANCADA DE TRABALHO S/GAVETA;030-204-001228;VOAR;;FERRAMENTARIA;HANGAR GSE;GSE;
BANCADA DE TRABALHO S/GAVETA PINTURA;030-204-001229;VOAR;;FERRAMENTARIA;HANGAR GSE;GSE;
PRATELEIRA PARA COMPONENTES;030-204-001230;VOAR;;FERRAMENTARIA;HANGAR GSE;GSE;
PRATELEIRA PARA COMPONENTES;030-204-001231;VOAR;;FERRAMENTARIA;HANGAR GSE;GSE;
PRATELEIRA PARA COMPONENTES;030-204-001232;VOAR;;FERRAMENTARIA;HANGAR GSE;GSE;
PRATELEIRA PARA COMPONENTES;030-204-001233;VOAR;;FERRAMENTARIA;HANGAR GSE;GSE;
SUPORTE PARA FLAP;030-204-001234;VOAR;;FERRAMENTARIA;HANGAR GSE;GSE;
PRATELEIRA PARA COMPONENTES;030-204-001235;VOAR;;FERRAMENTARIA;HANGAR GSE;GSE;
PRATELEIRA PARA COMPONENTES;030-204-001236;VOAR;;FERRAMENTARIA;HANGAR GSE;GSE;
MACACO PEQUENO ZELOSO 8000KG;030-204-001237;VOAR;ZELOSO;FERRAMENTARIA;HANGAR GSE;GSE;
MACACO PEQUENO ZELOSO M1219 ;030-204-001238;VOAR;ZELOSO;FERRAMENTARIA;HANGAR GSE;GSE;
ALICATE / DECAPADOR SPLICE PARA PRENSAR CONECTOR;030-204-001239;VOAR;STANLEY;FERRAMENTARIA;Q4 PRETO;Q4;
BICO DE ABASTECIMENTO REGULADORA NITROGENIO;030-204-001240;VOAR;;FERRAMENTARIA;ARMARIO 1;PRAT 4;
KIT REMOÇÃO DE PISTA ;030-204-001241;VOAR;;FERRAMENTARIA;ESTANTE 6;PRAT 3;
KIT TAMPÃO PARA TESTE FUEL PUMP;030-204-001242;VOAR;;FERRAMENTARIA;ESTANTE 6;PRAT 2;
;;;;;;;
;;;;;;;
;;;;;;;
;;;;;;;
;;;;;;;
;;;;;;;
;;;;;;;
;;;;;;;
;;;;;;;
;;;;;;;
;;;;;;;
;;;;;;;
;;;;;;;
;;;;;;;
;;;;;;;
;;;;;;;
;;;;;;;
